TIMESTAMP,FORECAST
20180301 01:00,
20180301 02:00,
20180301 03:00,
20180301 04:00,
20180301 05:00,
20180301 06:00,
20180301 07:00,
20180301 08:00,
20180301 09:00,
20180301 10:00,
20180301 11:00,
20180301 12:00,
20180301 13:00,
20180301 14:00,
20180301 15:00,
20180301 16:00,
20180301 17:00,
20180301 18:00,
20180301 19:00,
20180301 20:00,
20180301 21:00,
20180301 22:00,
20180301 23:00,
20180302 00:00,
20180302 01:00,
20180302 02:00,
20180302 03:00,
20180302 04:00,
20180302 05:00,
20180302 06:00,
20180302 07:00,
20180302 08:00,
20180302 09:00,
20180302 10:00,
20180302 11:00,
20180302 12:00,
20180302 13:00,
20180302 14:00,
20180302 15:00,
20180302 16:00,
20180302 17:00,
20180302 18:00,
20180302 19:00,
20180302 20:00,
20180302 21:00,
20180302 22:00,
20180302 23:00,
20180303 00:00,
20180303 01:00,
20180303 02:00,
20180303 03:00,
20180303 04:00,
20180303 05:00,
20180303 06:00,
20180303 07:00,
20180303 08:00,
20180303 09:00,
20180303 10:00,
20180303 11:00,
20180303 12:00,
20180303 13:00,
20180303 14:00,
20180303 15:00,
20180303 16:00,
20180303 17:00,
20180303 18:00,
20180303 19:00,
20180303 20:00,
20180303 21:00,
20180303 22:00,
20180303 23:00,
20180304 00:00,
20180304 01:00,
20180304 02:00,
20180304 03:00,
20180304 04:00,
20180304 05:00,
20180304 06:00,
20180304 07:00,
20180304 08:00,
20180304 09:00,
20180304 10:00,
20180304 11:00,
20180304 12:00,
20180304 13:00,
20180304 14:00,
20180304 15:00,
20180304 16:00,
20180304 17:00,
20180304 18:00,
20180304 19:00,
20180304 20:00,
20180304 21:00,
20180304 22:00,
20180304 23:00,
20180305 00:00,
20180305 01:00,
20180305 02:00,
20180305 03:00,
20180305 04:00,
20180305 05:00,
20180305 06:00,
20180305 07:00,
20180305 08:00,
20180305 09:00,
20180305 10:00,
20180305 11:00,
20180305 12:00,
20180305 13:00,
20180305 14:00,
20180305 15:00,
20180305 16:00,
20180305 17:00,
20180305 18:00,
20180305 19:00,
20180305 20:00,
20180305 21:00,
20180305 22:00,
20180305 23:00,
20180306 00:00,
20180306 01:00,
20180306 02:00,
20180306 03:00,
20180306 04:00,
20180306 05:00,
20180306 06:00,
20180306 07:00,
20180306 08:00,
20180306 09:00,
20180306 10:00,
20180306 11:00,
20180306 12:00,
20180306 13:00,
20180306 14:00,
20180306 15:00,
20180306 16:00,
20180306 17:00,
20180306 18:00,
20180306 19:00,
20180306 20:00,
20180306 21:00,
20180306 22:00,
20180306 23:00,
20180307 00:00,
20180307 01:00,
20180307 02:00,
20180307 03:00,
20180307 04:00,
20180307 05:00,
20180307 06:00,
20180307 07:00,
20180307 08:00,
20180307 09:00,
20180307 10:00,
20180307 11:00,
20180307 12:00,
20180307 13:00,
20180307 14:00,
20180307 15:00,
20180307 16:00,
20180307 17:00,
20180307 18:00,
20180307 19:00,
20180307 20:00,
20180307 21:00,
20180307 22:00,
20180307 23:00,
20180308 00:00,
20180308 01:00,
20180308 02:00,
20180308 03:00,
20180308 04:00,
20180308 05:00,
20180308 06:00,
20180308 07:00,
20180308 08:00,
20180308 09:00,
20180308 10:00,
20180308 11:00,
20180308 12:00,
20180308 13:00,
20180308 14:00,
20180308 15:00,
20180308 16:00,
20180308 17:00,
20180308 18:00,
20180308 19:00,
20180308 20:00,
20180308 21:00,
20180308 22:00,
20180308 23:00,
20180309 00:00,
20180309 01:00,
20180309 02:00,
20180309 03:00,
20180309 04:00,
20180309 05:00,
20180309 06:00,
20180309 07:00,
20180309 08:00,
20180309 09:00,
20180309 10:00,
20180309 11:00,
20180309 12:00,
20180309 13:00,
20180309 14:00,
20180309 15:00,
20180309 16:00,
20180309 17:00,
20180309 18:00,
20180309 19:00,
20180309 20:00,
20180309 21:00,
20180309 22:00,
20180309 23:00,
20180310 00:00,
20180310 01:00,
20180310 02:00,
20180310 03:00,
20180310 04:00,
20180310 05:00,
20180310 06:00,
20180310 07:00,
20180310 08:00,
20180310 09:00,
20180310 10:00,
20180310 11:00,
20180310 12:00,
20180310 13:00,
20180310 14:00,
20180310 15:00,
20180310 16:00,
20180310 17:00,
20180310 18:00,
20180310 19:00,
20180310 20:00,
20180310 21:00,
20180310 22:00,
20180310 23:00,
20180311 00:00,
20180311 01:00,
20180311 02:00,
20180311 03:00,
20180311 04:00,
20180311 05:00,
20180311 06:00,
20180311 07:00,
20180311 08:00,
20180311 09:00,
20180311 10:00,
20180311 11:00,
20180311 12:00,
20180311 13:00,
20180311 14:00,
20180311 15:00,
20180311 16:00,
20180311 17:00,
20180311 18:00,
20180311 19:00,
20180311 20:00,
20180311 21:00,
20180311 22:00,
20180311 23:00,
20180312 00:00,
20180312 01:00,
20180312 02:00,
20180312 03:00,
20180312 04:00,
20180312 05:00,
20180312 06:00,
20180312 07:00,
20180312 08:00,
20180312 09:00,
20180312 10:00,
20180312 11:00,
20180312 12:00,
20180312 13:00,
20180312 14:00,
20180312 15:00,
20180312 16:00,
20180312 17:00,
20180312 18:00,
20180312 19:00,
20180312 20:00,
20180312 21:00,
20180312 22:00,
20180312 23:00,
20180313 00:00,
20180313 01:00,
20180313 02:00,
20180313 03:00,
20180313 04:00,
20180313 05:00,
20180313 06:00,
20180313 07:00,
20180313 08:00,
20180313 09:00,
20180313 10:00,
20180313 11:00,
20180313 12:00,
20180313 13:00,
20180313 14:00,
20180313 15:00,
20180313 16:00,
20180313 17:00,
20180313 18:00,
20180313 19:00,
20180313 20:00,
20180313 21:00,
20180313 22:00,
20180313 23:00,
20180314 00:00,
20180314 01:00,
20180314 02:00,
20180314 03:00,
20180314 04:00,
20180314 05:00,
20180314 06:00,
20180314 07:00,
20180314 08:00,
20180314 09:00,
20180314 10:00,
20180314 11:00,
20180314 12:00,
20180314 13:00,
20180314 14:00,
20180314 15:00,
20180314 16:00,
20180314 17:00,
20180314 18:00,
20180314 19:00,
20180314 20:00,
20180314 21:00,
20180314 22:00,
20180314 23:00,
20180315 00:00,
20180315 01:00,
20180315 02:00,
20180315 03:00,
20180315 04:00,
20180315 05:00,
20180315 06:00,
20180315 07:00,
20180315 08:00,
20180315 09:00,
20180315 10:00,
20180315 11:00,
20180315 12:00,
20180315 13:00,
20180315 14:00,
20180315 15:00,
20180315 16:00,
20180315 17:00,
20180315 18:00,
20180315 19:00,
20180315 20:00,
20180315 21:00,
20180315 22:00,
20180315 23:00,
20180316 00:00,
20180316 01:00,
20180316 02:00,
20180316 03:00,
20180316 04:00,
20180316 05:00,
20180316 06:00,
20180316 07:00,
20180316 08:00,
20180316 09:00,
20180316 10:00,
20180316 11:00,
20180316 12:00,
20180316 13:00,
20180316 14:00,
20180316 15:00,
20180316 16:00,
20180316 17:00,
20180316 18:00,
20180316 19:00,
20180316 20:00,
20180316 21:00,
20180316 22:00,
20180316 23:00,
20180317 00:00,
20180317 01:00,
20180317 02:00,
20180317 03:00,
20180317 04:00,
20180317 05:00,
20180317 06:00,
20180317 07:00,
20180317 08:00,
20180317 09:00,
20180317 10:00,
20180317 11:00,
20180317 12:00,
20180317 13:00,
20180317 14:00,
20180317 15:00,
20180317 16:00,
20180317 17:00,
20180317 18:00,
20180317 19:00,
20180317 20:00,
20180317 21:00,
20180317 22:00,
20180317 23:00,
20180318 00:00,
20180318 01:00,
20180318 02:00,
20180318 03:00,
20180318 04:00,
20180318 05:00,
20180318 06:00,
20180318 07:00,
20180318 08:00,
20180318 09:00,
20180318 10:00,
20180318 11:00,
20180318 12:00,
20180318 13:00,
20180318 14:00,
20180318 15:00,
20180318 16:00,
20180318 17:00,
20180318 18:00,
20180318 19:00,
20180318 20:00,
20180318 21:00,
20180318 22:00,
20180318 23:00,
20180319 00:00,
20180319 01:00,
20180319 02:00,
20180319 03:00,
20180319 04:00,
20180319 05:00,
20180319 06:00,
20180319 07:00,
20180319 08:00,
20180319 09:00,
20180319 10:00,
20180319 11:00,
20180319 12:00,
20180319 13:00,
20180319 14:00,
20180319 15:00,
20180319 16:00,
20180319 17:00,
20180319 18:00,
20180319 19:00,
20180319 20:00,
20180319 21:00,
20180319 22:00,
20180319 23:00,
20180320 00:00,
20180320 01:00,
20180320 02:00,
20180320 03:00,
20180320 04:00,
20180320 05:00,
20180320 06:00,
20180320 07:00,
20180320 08:00,
20180320 09:00,
20180320 10:00,
20180320 11:00,
20180320 12:00,
20180320 13:00,
20180320 14:00,
20180320 15:00,
20180320 16:00,
20180320 17:00,
20180320 18:00,
20180320 19:00,
20180320 20:00,
20180320 21:00,
20180320 22:00,
20180320 23:00,
20180321 00:00,
20180321 01:00,
20180321 02:00,
20180321 03:00,
20180321 04:00,
20180321 05:00,
20180321 06:00,
20180321 07:00,
20180321 08:00,
20180321 09:00,
20180321 10:00,
20180321 11:00,
20180321 12:00,
20180321 13:00,
20180321 14:00,
20180321 15:00,
20180321 16:00,
20180321 17:00,
20180321 18:00,
20180321 19:00,
20180321 20:00,
20180321 21:00,
20180321 22:00,
20180321 23:00,
20180322 00:00,
20180322 01:00,
20180322 02:00,
20180322 03:00,
20180322 04:00,
20180322 05:00,
20180322 06:00,
20180322 07:00,
20180322 08:00,
20180322 09:00,
20180322 10:00,
20180322 11:00,
20180322 12:00,
20180322 13:00,
20180322 14:00,
20180322 15:00,
20180322 16:00,
20180322 17:00,
20180322 18:00,
20180322 19:00,
20180322 20:00,
20180322 21:00,
20180322 22:00,
20180322 23:00,
20180323 00:00,
20180323 01:00,
20180323 02:00,
20180323 03:00,
20180323 04:00,
20180323 05:00,
20180323 06:00,
20180323 07:00,
20180323 08:00,
20180323 09:00,
20180323 10:00,
20180323 11:00,
20180323 12:00,
20180323 13:00,
20180323 14:00,
20180323 15:00,
20180323 16:00,
20180323 17:00,
20180323 18:00,
20180323 19:00,
20180323 20:00,
20180323 21:00,
20180323 22:00,
20180323 23:00,
20180324 00:00,
20180324 01:00,
20180324 02:00,
20180324 03:00,
20180324 04:00,
20180324 05:00,
20180324 06:00,
20180324 07:00,
20180324 08:00,
20180324 09:00,
20180324 10:00,
20180324 11:00,
20180324 12:00,
20180324 13:00,
20180324 14:00,
20180324 15:00,
20180324 16:00,
20180324 17:00,
20180324 18:00,
20180324 19:00,
20180324 20:00,
20180324 21:00,
20180324 22:00,
20180324 23:00,
20180325 00:00,
20180325 01:00,
20180325 02:00,
20180325 03:00,
20180325 04:00,
20180325 05:00,
20180325 06:00,
20180325 07:00,
20180325 08:00,
20180325 09:00,
20180325 10:00,
20180325 11:00,
20180325 12:00,
20180325 13:00,
20180325 14:00,
20180325 15:00,
20180325 16:00,
20180325 17:00,
20180325 18:00,
20180325 19:00,
20180325 20:00,
20180325 21:00,
20180325 22:00,
20180325 23:00,
20180326 00:00,
20180326 01:00,
20180326 02:00,
20180326 03:00,
20180326 04:00,
20180326 05:00,
20180326 06:00,
20180326 07:00,
20180326 08:00,
20180326 09:00,
20180326 10:00,
20180326 11:00,
20180326 12:00,
20180326 13:00,
20180326 14:00,
20180326 15:00,
20180326 16:00,
20180326 17:00,
20180326 18:00,
20180326 19:00,
20180326 20:00,
20180326 21:00,
20180326 22:00,
20180326 23:00,
20180327 00:00,
20180327 01:00,
20180327 02:00,
20180327 03:00,
20180327 04:00,
20180327 05:00,
20180327 06:00,
20180327 07:00,
20180327 08:00,
20180327 09:00,
20180327 10:00,
20180327 11:00,
20180327 12:00,
20180327 13:00,
20180327 14:00,
20180327 15:00,
20180327 16:00,
20180327 17:00,
20180327 18:00,
20180327 19:00,
20180327 20:00,
20180327 21:00,
20180327 22:00,
20180327 23:00,
20180328 00:00,
20180328 01:00,
20180328 02:00,
20180328 03:00,
20180328 04:00,
20180328 05:00,
20180328 06:00,
20180328 07:00,
20180328 08:00,
20180328 09:00,
20180328 10:00,
20180328 11:00,
20180328 12:00,
20180328 13:00,
20180328 14:00,
20180328 15:00,
20180328 16:00,
20180328 17:00,
20180328 18:00,
20180328 19:00,
20180328 20:00,
20180328 21:00,
20180328 22:00,
20180328 23:00,
20180329 00:00,
20180329 01:00,
20180329 02:00,
20180329 03:00,
20180329 04:00,
20180329 05:00,
20180329 06:00,
20180329 07:00,
20180329 08:00,
20180329 09:00,
20180329 10:00,
20180329 11:00,
20180329 12:00,
20180329 13:00,
20180329 14:00,
20180329 15:00,
20180329 16:00,
20180329 17:00,
20180329 18:00,
20180329 19:00,
20180329 20:00,
20180329 21:00,
20180329 22:00,
20180329 23:00,
20180330 00:00,
20180330 01:00,
20180330 02:00,
20180330 03:00,
20180330 04:00,
20180330 05:00,
20180330 06:00,
20180330 07:00,
20180330 08:00,
20180330 09:00,
20180330 10:00,
20180330 11:00,
20180330 12:00,
20180330 13:00,
20180330 14:00,
20180330 15:00,
20180330 16:00,
20180330 17:00,
20180330 18:00,
20180330 19:00,
20180330 20:00,
20180330 21:00,
20180330 22:00,
20180330 23:00,
20180331 00:00,
20180331 01:00,
20180331 02:00,
20180331 03:00,
20180331 04:00,
20180331 05:00,
20180331 06:00,
20180331 07:00,
20180331 08:00,
20180331 09:00,
20180331 10:00,
20180331 11:00,
20180331 12:00,
20180331 13:00,
20180331 14:00,
20180331 15:00,
20180331 16:00,
20180331 17:00,
20180331 18:00,
20180331 19:00,
20180331 20:00,
20180331 21:00,
20180331 22:00,
20180331 23:00,
20180401 00:00,
