Consumption prognosis in MWh,,,,,,,,,
Data was last updated 10-02-2020,,,,,,,,,
,Hours,NO,SE,FI,DK1,DK2,EE,LV,LT
1/1/2020,00 - 01,15663,15056,9644,1868,1346,840,690,1059
1/1/2020,01 - 02,15435,14817,9352,1833,1299,818,663,1019
1/1/2020,02 - 03,15235,14593,9141,1742,1246,804,637,990
1/1/2020,03 - 04,15146,14407,9119,1723,1234,808,619,985
1/1/2020,04 - 05,15156,14368,9164,1730,1202,830,626,981
1/1/2020,05 - 06,15276,14455,9285,1746,1194,880,622,1011
1/1/2020,06 - 07,15497,14608,9306,1810,1216,956,625,1038
1/1/2020,07 - 08,15791,14872,9460,1911,1230,1032,632,1060
1/1/2020,08 - 09,16225,15083,9476,1968,1273,1060,647,1078
1/1/2020,09 - 10,16738,15306,9507,2052,1346,1089,686,1136
1/1/2020,10 - 11,17228,15634,9614,2162,1441,1100,730,1199
1/1/2020,11 - 12,17370,15906,9654,2248,1503,1090,757,1238
1/1/2020,12 - 13,17301,16048,9630,2261,1537,1093,767,1243
1/1/2020,13 - 14,17320,16111,9637,2217,1539,1096,778,1239
1/1/2020,14 - 15,17378,16391,9838,2197,1540,1129,790,1241
1/1/2020,15 - 16,17577,16881,10040,2186,1579,1183,845,1310
1/1/2020,16 - 17,17873,17368,10099,2393,1699,1186,855,1367
1/1/2020,17 - 18,17877,17473,10152,2582,1812,1150,851,1363
1/1/2020,18 - 19,17704,17286,10136,2544,1790,1092,841,1342
1/1/2020,19 - 20,17596,16938,10008,2358,1682,1021,829,1312
1/1/2020,20 - 21,17427,16507,9717,2223,1579,974,803,1258
1/1/2020,21 - 22,17159,16007,9939,2110,1486,932,744,1170
1/1/2020,22 - 23,16755,15506,9825,1992,1404,881,694,1067
1/1/2020,23 - 00,16228,14995,9740,1887,1322,912,651,1043
2/1/2020,00 - 01,15398,15080,9495,1789,1243,870,605,971
2/1/2020,01 - 02,15106,14855,9354,1743,1186,858,587,945
2/1/2020,02 - 03,14970,14736,9301,1748,1156,845,582,941
2/1/2020,03 - 04,14933,14762,9353,1779,1173,840,588,964
2/1/2020,04 - 05,15066,14914,9589,1861,1215,837,622,1024
2/1/2020,05 - 06,15517,15476,10124,1915,1282,840,714,1215
2/1/2020,06 - 07,16746,16710,10422,2165,1447,867,833,1383
2/1/2020,07 - 08,17654,17948,10622,2555,1655,899,927,1491
2/1/2020,08 - 09,18061,18561,10622,2773,1773,919,973,1544
2/1/2020,09 - 10,18142,18631,10573,2833,1829,942,1004,1579
2/1/2020,10 - 11,18203,18820,10572,2916,1869,961,1018,1611
2/1/2020,11 - 12,18185,18749,10567,2939,1878,970,1004,1609
2/1/2020,12 - 13,18117,18642,10516,2905,1880,968,1013,1623
2/1/2020,13 - 14,18131,18568,10547,2883,1871,980,1017,1611
2/1/2020,14 - 15,18211,18656,10642,2894,1870,1018,1028,1605
2/1/2020,15 - 16,18469,19041,10770,2879,1883,1077,1070,1666
2/1/2020,16 - 17,18605,19392,10751,3015,1997,1084,1057,1686
2/1/2020,17 - 18,18492,19421,10709,3165,2104,1083,1039,1670
2/1/2020,18 - 19,18233,19085,10697,3052,2028,1075,1018,1638
2/1/2020,19 - 20,17967,18628,10546,2896,1890,1058,985,1576
2/1/2020,20 - 21,17727,18112,10181,2742,1749,1033,938,1498
2/1/2020,21 - 22,17422,17437,10250,2597,1619,982,856,1375
2/1/2020,22 - 23,16955,16701,10094,2413,1498,920,780,1237
2/1/2020,23 - 00,16329,15976,9660,2264,1395,876,702,1158
3/1/2020,00 - 01,15620,15145,9407,2119,1289,972,655,1019
3/1/2020,01 - 02,15346,14856,9294,2019,1230,959,647,993
3/1/2020,02 - 03,15193,14710,9250,2028,1218,950,650,982
3/1/2020,03 - 04,15217,14692,9288,2042,1239,952,665,991
3/1/2020,04 - 05,15389,14828,9508,2080,1260,985,693,1053
3/1/2020,05 - 06,15809,15439,10017,2200,1322,1083,780,1245
3/1/2020,06 - 07,16884,16830,10295,2416,1497,1203,894,1409
3/1/2020,07 - 08,18151,18340,10486,2731,1715,1315,1011,1538
3/1/2020,08 - 09,18688,18981,10475,2910,1808,1342,1058,1589
3/1/2020,09 - 10,18835,19013,10429,2905,1840,1374,1078,1622
3/1/2020,10 - 11,18888,19260,10431,2922,1853,1379,1070,1639
3/1/2020,11 - 12,18767,19208,10444,2928,1838,1373,1059,1630
3/1/2020,12 - 13,18732,19160,10400,2814,1813,1374,1066,1630
3/1/2020,13 - 14,18731,19136,10443,2771,1834,1372,1054,1609
3/1/2020,14 - 15,18860,19242,10542,2688,1797,1407,1070,1603
3/1/2020,15 - 16,19098,19707,10671,2688,1811,1422,1094,1651
3/1/2020,16 - 17,19289,20139,10662,2743,1927,1414,1066,1674
3/1/2020,17 - 18,19196,20247,10615,2945,2031,1373,1036,1637
3/1/2020,18 - 19,18997,19959,10618,2924,1961,1344,1008,1580
3/1/2020,19 - 20,18728,19488,10495,2798,1825,1296,979,1523
3/1/2020,20 - 21,18304,18922,10173,2664,1690,1260,924,1444
3/1/2020,21 - 22,17877,18165,10268,2528,1588,1188,844,1333
3/1/2020,22 - 23,17441,17331,10149,2394,1487,1121,768,1231
3/1/2020,23 - 00,16980,16506,9734,2196,1396,1070,658,1137
4/1/2020,00 - 01,17137,15656,9460,1997,1336,890,640,1050
4/1/2020,01 - 02,16727,15356,9303,1892,1275,860,620,1015
4/1/2020,02 - 03,16477,15225,9241,1922,1212,836,611,996
4/1/2020,03 - 04,16328,15205,9237,1937,1195,829,612,998
4/1/2020,04 - 05,16263,15290,9333,1972,1200,839,637,1027
4/1/2020,05 - 06,16370,15515,9529,2044,1232,873,670,1108
4/1/2020,06 - 07,16567,15975,9630,2155,1291,936,761,1191
4/1/2020,07 - 08,17044,16622,9889,2299,1387,998,802,1268
4/1/2020,08 - 09,17793,17363,9955,2479,1512,1046,842,1343
4/1/2020,09 - 10,18503,17948,10011,2536,1642,1072,885,1408
4/1/2020,10 - 11,18955,18370,10044,2634,1750,1083,891,1436
4/1/2020,11 - 12,18933,18467,10004,2596,1729,1081,884,1444
4/1/2020,12 - 13,18813,18391,9998,2537,1659,1087,883,1441
4/1/2020,13 - 14,18667,18330,10026,2477,1645,1093,902,1429
4/1/2020,14 - 15,18765,18358,10225,2499,1641,1129,921,1429
4/1/2020,15 - 16,18979,18699,10493,2540,1681,1179,945,1482
4/1/2020,16 - 17,19282,19231,10627,2663,1790,1182,948,1534
4/1/2020,17 - 18,19455,19412,10680,2855,1939,1163,925,1517
4/1/2020,18 - 19,19279,19171,10628,2783,1932,1142,901,1468
4/1/2020,19 - 20,18959,18734,10381,2630,1807,1108,885,1412
4/1/2020,20 - 21,18547,18259,10034,2488,1709,1071,844,1351
4/1/2020,21 - 22,18156,17754,10189,2314,1608,1010,781,1256
4/1/2020,22 - 23,17759,17220,10098,2153,1519,954,720,1163
4/1/2020,23 - 00,17372,16704,9792,2025,1431,900,650,1097
5/1/2020,00 - 01,17001,16308,9503,1904,1351,881,636,1042
5/1/2020,01 - 02,16713,16093,9329,1792,1293,860,612,1018
5/1/2020,02 - 03,16609,15968,9271,1771,1252,843,602,1003
5/1/2020,03 - 04,16516,15986,9307,1759,1231,844,603,1010
5/1/2020,04 - 05,16494,16085,9414,1755,1234,862,609,1030
5/1/2020,05 - 06,16552,16286,9588,1796,1262,896,648,1099
5/1/2020,06 - 07,16844,16677,9672,1904,1322,945,705,1150
5/1/2020,07 - 08,17188,17179,9934,2073,1394,1008,753,1198
5/1/2020,08 - 09,17691,17700,10065,2237,1506,1051,801,1274
5/1/2020,09 - 10,18221,18243,10240,2330,1606,1085,847,1347
5/1/2020,10 - 11,18603,18638,10391,2378,1682,1092,863,1382
5/1/2020,11 - 12,18729,18804,10357,2384,1711,1087,870,1399
5/1/2020,12 - 13,18710,18720,10273,2367,1693,1094,874,1397
5/1/2020,13 - 14,18814,18593,10278,2383,1682,1094,869,1397
5/1/2020,14 - 15,18881,18601,10469,2408,1675,1126,881,1387
5/1/2020,15 - 16,19094,18897,10814,2455,1720,1178,949,1460
5/1/2020,16 - 17,19263,19334,10965,2651,1855,1179,956,1528
5/1/2020,17 - 18,19254,19472,10979,2883,2012,1167,945,1529
5/1/2020,18 - 19,18999,19213,10949,2754,1971,1139,912,1502
5/1/2020,19 - 20,18715,18819,10738,2545,1833,1097,887,1467
5/1/2020,20 - 21,18437,18232,10361,2379,1688,1055,859,1367
5/1/2020,21 - 22,18058,17501,10489,2255,1557,982,799,1259
5/1/2020,22 - 23,17614,16712,10344,2180,1457,911,720,1148
5/1/2020,23 - 00,16975,15964,10215,2143,1389,864,658,1090
6/1/2020,00 - 01,16597,15808,9863,2015,1276,882,648,1054
6/1/2020,01 - 02,16256,15452,9600,1954,1212,855,631,1034
6/1/2020,02 - 03,16072,15225,9452,1945,1186,852,627,1033
6/1/2020,03 - 04,15987,15117,9398,1971,1211,859,637,1060
6/1/2020,04 - 05,16102,15151,9476,2003,1235,894,680,1131
6/1/2020,05 - 06,16472,15277,9584,2145,1314,994,796,1353
6/1/2020,06 - 07,17562,15734,9597,2555,1549,1125,935,1549
6/1/2020,07 - 08,18682,16256,9870,2966,1817,1235,1044,1681
6/1/2020,08 - 09,19159,16725,9935,3100,1936,1254,1089,1720
6/1/2020,09 - 10,19299,17145,10086,3114,1959,1270,1098,1720
6/1/2020,10 - 11,19348,17482,10235,3209,1972,1272,1088,1714
6/1/2020,11 - 12,19314,17679,10249,3154,1943,1269,1064,1686
6/1/2020,12 - 13,19226,17618,10133,3038,1908,1280,1082,1696
6/1/2020,13 - 14,19177,17547,10111,3085,1910,1269,1087,1678
6/1/2020,14 - 15,19246,17496,10321,3111,1909,1297,1096,1674
6/1/2020,15 - 16,19401,17852,10716,3126,1910,1307,1139,1705
6/1/2020,16 - 17,19552,18346,10797,3206,2013,1289,1125,1714
6/1/2020,17 - 18,19374,18466,10849,3346,2129,1258,1081,1684
6/1/2020,18 - 19,18945,18168,10833,3178,2055,1206,1040,1633
6/1/2020,19 - 20,18667,17740,10620,3016,1921,1163,1005,1579
6/1/2020,20 - 21,18322,17273,10252,2800,1773,1110,956,1498
6/1/2020,21 - 22,17935,16662,10433,2606,1635,1041,874,1343
6/1/2020,22 - 23,17473,16077,10248,2427,1525,981,792,1223
6/1/2020,23 - 00,16818,15479,9865,2218,1402,926,692,1128
7/1/2020,00 - 01,16218,15366,9445,2099,1289,913,657,1145
7/1/2020,01 - 02,15776,15090,9227,2027,1242,899,641,1120
7/1/2020,02 - 03,15565,14995,9139,2038,1247,889,637,1113
7/1/2020,03 - 04,15537,15043,9191,2080,1263,901,650,1126
7/1/2020,04 - 05,15622,15321,9528,2104,1264,940,691,1195
7/1/2020,05 - 06,15968,16063,10339,2200,1339,1065,811,1427
7/1/2020,06 - 07,16898,17804,10765,2470,1551,1216,948,1637
7/1/2020,07 - 08,18018,19416,10968,2872,1830,1333,1061,1763
7/1/2020,08 - 09,18557,19758,10837,3063,1930,1340,1095,1788
7/1/2020,09 - 10,18813,19686,10727,3042,1958,1340,1109,1781
7/1/2020,10 - 11,18899,19760,10699,3078,1981,1332,1101,1768
7/1/2020,11 - 12,18822,19679,10686,3012,1982,1324,1077,1745
7/1/2020,12 - 13,18808,19584,10659,2941,1961,1343,1097,1774
7/1/2020,13 - 14,18807,19501,10654,2972,1943,1331,1099,1782
7/1/2020,14 - 15,18999,19525,10723,2953,1938,1353,1116,1780
7/1/2020,15 - 16,19297,19852,10872,2928,1909,1361,1162,1806
7/1/2020,16 - 17,19466,20168,10920,3069,1975,1337,1135,1818
7/1/2020,17 - 18,19285,20306,10878,3306,2114,1307,1107,1783
7/1/2020,18 - 19,18782,19860,10900,3196,2049,1265,1066,1727
7/1/2020,19 - 20,18344,19411,10753,3026,1913,1221,1031,1672
7/1/2020,20 - 21,17923,18763,10270,2842,1802,1165,964,1579
7/1/2020,21 - 22,17567,17983,10328,2682,1709,1079,881,1436
7/1/2020,22 - 23,17004,17054,10082,2508,1561,988,791,1298
7/1/2020,23 - 00,16483,16167,9643,2333,1422,927,700,1170
8/1/2020,00 - 01,16319,15302,9351,2216,1317,923,677,1169
8/1/2020,01 - 02,15955,14965,9137,2152,1247,896,660,1145
8/1/2020,02 - 03,15667,14825,9067,2128,1243,906,652,1136
8/1/2020,03 - 04,15499,14819,9108,2156,1226,919,665,1147
8/1/2020,04 - 05,15478,15031,9445,2198,1246,961,705,1220
8/1/2020,05 - 06,15797,15782,10257,2296,1329,1099,819,1454
8/1/2020,06 - 07,16616,17594,10679,2631,1571,1245,974,1667
8/1/2020,07 - 08,17459,19282,10887,3065,1860,1351,1075,1815
8/1/2020,08 - 09,17767,19520,10752,3198,1968,1371,1107,1849
8/1/2020,09 - 10,17800,19304,10656,3210,1971,1367,1110,1836
8/1/2020,10 - 11,17943,19306,10661,3237,1974,1364,1101,1819
8/1/2020,11 - 12,18044,19237,10661,3215,1970,1353,1078,1796
8/1/2020,12 - 13,18082,19105,10634,3107,1950,1368,1101,1805
8/1/2020,13 - 14,18088,19055,10653,3129,1909,1371,1100,1795
8/1/2020,14 - 15,18261,19116,10703,3075,1877,1388,1101,1791
8/1/2020,15 - 16,18677,19589,10828,2995,1878,1396,1135,1818
8/1/2020,16 - 17,18963,20044,10868,3057,1969,1376,1117,1840
8/1/2020,17 - 18,18842,20305,10819,3261,2114,1341,1105,1812
8/1/2020,18 - 19,18680,19916,10840,3115,2055,1304,1063,1762
8/1/2020,19 - 20,18477,19517,10689,2986,1913,1266,1017,1701
8/1/2020,20 - 21,18222,18908,10223,2819,1765,1208,950,1602
8/1/2020,21 - 22,17842,18118,10297,2642,1626,1124,867,1455
8/1/2020,22 - 23,17368,17149,10075,2482,1507,1022,782,1319
8/1/2020,23 - 00,16781,16228,9661,2276,1401,957,722,1259
9/1/2020,00 - 01,16563,15635,9345,2140,1291,924,656,1175
9/1/2020,01 - 02,16197,15386,9170,2041,1235,892,646,1158
9/1/2020,02 - 03,16017,15332,9130,1998,1224,899,640,1151
9/1/2020,03 - 04,15967,15416,9214,2009,1238,912,645,1166
9/1/2020,04 - 05,16034,15708,9570,2097,1277,955,686,1235
9/1/2020,05 - 06,16474,16547,10380,2244,1373,1080,808,1464
9/1/2020,06 - 07,17699,18418,10826,2564,1584,1226,957,1669
9/1/2020,07 - 08,18902,20181,11038,3006,1853,1343,1076,1799
9/1/2020,08 - 09,19392,20560,10923,3166,1953,1358,1088,1839
9/1/2020,09 - 10,19440,20510,10838,3147,1955,1350,1092,1827
9/1/2020,10 - 11,19403,20548,10823,3169,1968,1347,1087,1806
9/1/2020,11 - 12,19259,20431,10670,3185,1951,1346,1071,1779
9/1/2020,12 - 13,19145,20281,10460,3146,1958,1363,1089,1793
9/1/2020,13 - 14,19151,20186,10449,3180,1987,1351,1089,1784
9/1/2020,14 - 15,19241,20237,10628,3145,1968,1364,1082,1773
9/1/2020,15 - 16,19513,20655,10938,3122,1952,1369,1123,1792
9/1/2020,16 - 17,19776,21066,11138,3221,2049,1347,1095,1834
9/1/2020,17 - 18,19621,21259,11099,3345,2146,1308,1074,1799
9/1/2020,18 - 19,19352,20832,11131,3145,2072,1268,1036,1753
9/1/2020,19 - 20,19137,20387,10969,2967,1937,1219,1005,1694
9/1/2020,20 - 21,18916,19765,10516,2775,1790,1157,947,1594
9/1/2020,21 - 22,18640,18977,10564,2593,1652,1082,866,1454
9/1/2020,22 - 23,18169,17986,10345,2422,1515,1001,781,1327
9/1/2020,23 - 00,17537,17049,10000,2213,1396,932,703,1203
10/1/2020,00 - 01,17254,16179,9689,2112,1289,934,676,1173
10/1/2020,01 - 02,16851,15894,9521,2042,1251,918,679,1142
10/1/2020,02 - 03,16608,15808,9487,2004,1225,900,679,1138
10/1/2020,03 - 04,16573,15869,9581,1971,1196,904,697,1153
10/1/2020,04 - 05,16738,16153,9978,2079,1246,941,725,1235
10/1/2020,05 - 06,17189,16971,10796,2221,1363,1072,839,1477
10/1/2020,06 - 07,18323,18878,11219,2602,1592,1237,974,1679
10/1/2020,07 - 08,19734,20555,11447,3033,1825,1339,1079,1777
10/1/2020,08 - 09,20380,20850,11410,3170,1929,1350,1107,1813
10/1/2020,09 - 10,20498,20752,11376,3078,1944,1342,1110,1805
10/1/2020,10 - 11,20610,20799,11347,3123,1937,1326,1107,1790
10/1/2020,11 - 12,20515,20672,11212,3074,1905,1318,1096,1758
10/1/2020,12 - 13,20395,20454,11031,2966,1875,1331,1105,1766
10/1/2020,13 - 14,20295,20204,10990,2914,1863,1325,1116,1747
10/1/2020,14 - 15,20387,20037,11146,2902,1857,1342,1112,1735
10/1/2020,15 - 16,20571,20175,11447,2911,1863,1364,1148,1752
10/1/2020,16 - 17,20703,20627,11618,3055,1964,1342,1107,1788
10/1/2020,17 - 18,20595,20851,11566,3224,2084,1306,1090,1738
10/1/2020,18 - 19,20350,20456,11541,3042,2024,1269,1052,1672
10/1/2020,19 - 20,20076,19872,11361,2751,1868,1234,1006,1602
10/1/2020,20 - 21,19632,19090,10924,2499,1713,1176,940,1509
10/1/2020,21 - 22,19185,18390,11006,2291,1584,1087,867,1396
10/1/2020,22 - 23,18677,17689,10783,2141,1475,977,780,1273
10/1/2020,23 - 00,18165,17049,10243,2034,1396,931,700,1156
11/1/2020,00 - 01,17601,16757,9830,1954,1324,898,669,1155
11/1/2020,01 - 02,17304,16499,9620,1884,1266,864,652,1131
11/1/2020,02 - 03,17129,16374,9522,1847,1234,852,640,1115
11/1/2020,03 - 04,16999,16365,9536,1867,1223,859,646,1127
11/1/2020,04 - 05,16969,16472,9668,1902,1219,869,660,1151
11/1/2020,05 - 06,17095,16704,9910,1984,1260,918,701,1232
11/1/2020,06 - 07,17403,17169,10024,2115,1322,972,766,1319
11/1/2020,07 - 08,17958,17820,10317,2344,1453,1030,828,1394
11/1/2020,08 - 09,18699,18489,10388,2545,1581,1078,867,1473
11/1/2020,09 - 10,19383,19014,10476,2590,1667,1114,918,1527
11/1/2020,10 - 11,19696,19342,10487,2695,1736,1128,931,1550
11/1/2020,11 - 12,19580,19322,10391,2687,1757,1116,936,1546
11/1/2020,12 - 13,19345,19149,10276,2641,1734,1123,944,1538
11/1/2020,13 - 14,19145,18947,10234,2644,1727,1133,952,1526
11/1/2020,14 - 15,19095,18849,10377,2626,1728,1165,955,1507
11/1/2020,15 - 16,19237,19078,10708,2621,1747,1221,990,1563
11/1/2020,16 - 17,19570,19556,10910,2710,1829,1205,991,1628
11/1/2020,17 - 18,19735,19701,10937,2896,1939,1190,991,1607
11/1/2020,18 - 19,19470,19318,10812,2766,1929,1159,951,1568
11/1/2020,19 - 20,19018,18710,10438,2574,1825,1127,926,1520
11/1/2020,20 - 21,18447,18057,9961,2414,1716,1087,884,1435
11/1/2020,21 - 22,17898,17385,10107,2270,1616,1032,836,1338
11/1/2020,22 - 23,17435,16692,9946,2227,1515,973,768,1239
11/1/2020,23 - 00,17008,16030,9537,2114,1425,911,687,1195
12/1/2020,00 - 01,15903,15458,9099,1968,1315,888,667,1120
12/1/2020,01 - 02,15634,15114,8799,1898,1259,862,652,1090
12/1/2020,02 - 03,15521,14868,8661,1894,1223,850,642,1075
12/1/2020,03 - 04,15416,14768,8651,1884,1207,854,641,1080
12/1/2020,04 - 05,15425,14753,8699,1921,1205,874,661,1110
12/1/2020,05 - 06,15441,14875,8865,1969,1199,904,705,1165
12/1/2020,06 - 07,15656,15236,8915,2003,1245,947,759,1238
12/1/2020,07 - 08,15954,15714,9182,2177,1341,1009,817,1332
12/1/2020,08 - 09,16379,16195,9282,2346,1466,1054,858,1428
12/1/2020,09 - 10,16921,16825,9461,2456,1592,1078,920,1499
12/1/2020,10 - 11,17378,17284,9605,2466,1699,1096,914,1525
12/1/2020,11 - 12,17594,17527,9660,2440,1746,1101,927,1532
12/1/2020,12 - 13,17635,17532,9641,2429,1709,1105,919,1528
12/1/2020,13 - 14,17761,17502,9624,2409,1707,1105,913,1517
12/1/2020,14 - 15,17830,17609,9739,2357,1707,1146,920,1511
12/1/2020,15 - 16,18058,17974,10051,2390,1730,1202,959,1570
12/1/2020,16 - 17,18301,18667,10243,2558,1837,1214,978,1657
12/1/2020,17 - 18,18338,19105,10297,2813,1984,1209,978,1647
12/1/2020,18 - 19,18138,19017,10312,2722,1959,1192,952,1617
12/1/2020,19 - 20,17932,18754,10099,2604,1889,1169,921,1558
12/1/2020,20 - 21,17775,18262,9713,2467,1765,1130,873,1481
12/1/2020,21 - 22,17573,17633,10005,2336,1617,1067,822,1360
12/1/2020,22 - 23,17249,16907,9908,2218,1505,991,766,1218
12/1/2020,23 - 00,16762,16265,9676,2122,1418,951,699,1132
13-01-2020,00 - 01,16593,15829,9594,2074,1293,915,649,1098
13-01-2020,01 - 02,16273,15619,9438,2006,1252,892,630,1064
13-01-2020,02 - 03,16097,15593,9449,2007,1237,897,649,1060
13-01-2020,03 - 04,16070,15681,9576,2017,1237,904,635,1079
13-01-2020,04 - 05,16242,15974,9969,2080,1273,942,680,1159
13-01-2020,05 - 06,16674,16841,10817,2200,1371,1067,817,1414
13-01-2020,06 - 07,17928,18789,11272,2634,1611,1215,961,1642
13-01-2020,07 - 08,19201,20472,11493,3106,1840,1315,1081,1810
13-01-2020,08 - 09,19789,20863,11404,3219,1909,1328,1102,1848
13-01-2020,09 - 10,19872,20814,11353,3152,1911,1332,1099,1844
13-01-2020,10 - 11,19770,20862,11350,3141,1923,1317,1078,1836
13-01-2020,11 - 12,19661,20716,11312,3122,1908,1311,1068,1813
13-01-2020,12 - 13,19519,20503,11220,3002,1901,1327,1092,1823
13-01-2020,13 - 14,19470,20331,11166,3062,1897,1313,1095,1815
13-01-2020,14 - 15,19583,20359,11216,3021,1886,1329,1079,1792
13-01-2020,15 - 16,19859,20669,11370,2938,1880,1337,1131,1799
13-01-2020,16 - 17,20167,21065,11454,3074,1984,1328,1102,1824
13-01-2020,17 - 18,20101,21360,11367,3314,2147,1302,1082,1800
13-01-2020,18 - 19,19760,20893,11333,3167,2078,1260,1042,1753
13-01-2020,19 - 20,19535,20401,11158,2976,1942,1220,1009,1683
13-01-2020,20 - 21,19253,19741,10713,2810,1797,1166,943,1563
13-01-2020,21 - 22,18882,18909,10813,2676,1662,1093,870,1403
13-01-2020,22 - 23,18400,17905,10602,2519,1526,1002,776,1281
13-01-2020,23 - 00,17712,16994,10070,2330,1413,950,707,1235
14-01-2020,00 - 01,17153,16322,9800,2178,1286,884,678,1166
14-01-2020,01 - 02,16676,15987,9625,2143,1228,876,663,1143
14-01-2020,02 - 03,16477,15883,9590,2102,1211,865,655,1134
14-01-2020,03 - 04,16432,15913,9682,2150,1231,878,667,1148
14-01-2020,04 - 05,16524,16147,10024,2210,1256,918,714,1225
14-01-2020,05 - 06,16926,16902,10798,2383,1360,1058,836,1472
14-01-2020,06 - 07,18037,18752,11201,2681,1631,1223,982,1689
14-01-2020,07 - 08,19331,20434,11382,3093,1896,1334,1091,1809
14-01-2020,08 - 09,19883,20688,11244,3246,2002,1345,1118,1856
14-01-2020,09 - 10,20038,20554,11171,3255,2027,1342,1127,1860
14-01-2020,10 - 11,20102,20610,11175,3222,2027,1333,1110,1852
14-01-2020,11 - 12,19916,20490,11153,3131,2010,1332,1082,1820
14-01-2020,12 - 13,19800,20305,11088,3094,1999,1342,1106,1834
14-01-2020,13 - 14,19740,20155,11071,3118,1973,1332,1102,1820
14-01-2020,14 - 15,19879,20068,11088,3050,1934,1346,1099,1816
14-01-2020,15 - 16,20146,20257,11218,2965,1922,1354,1139,1823
14-01-2020,16 - 17,20314,20574,11326,3026,1984,1340,1128,1854
14-01-2020,17 - 18,20082,20814,11279,3248,2099,1304,1112,1819
14-01-2020,18 - 19,19623,20356,11264,3084,2027,1257,1064,1765
14-01-2020,19 - 20,19219,19864,11064,2895,1905,1216,1021,1707
14-01-2020,20 - 21,18889,19229,10570,2719,1766,1161,973,1603
14-01-2020,21 - 22,18514,18407,10609,2638,1671,1071,872,1470
14-01-2020,22 - 23,17948,17388,10363,2461,1523,984,789,1334
14-01-2020,23 - 00,17356,16412,9898,2341,1415,926,720,1243
15-01-2020,00 - 01,16701,15539,9485,2175,1299,904,678,1194
15-01-2020,01 - 02,16371,15146,9310,2063,1248,895,664,1158
15-01-2020,02 - 03,16131,14976,9278,2037,1223,873,652,1153
15-01-2020,03 - 04,16065,14880,9359,2100,1227,877,666,1166
15-01-2020,04 - 05,16116,14999,9705,2151,1243,911,715,1251
15-01-2020,05 - 06,16508,15650,10507,2329,1326,1037,836,1463
15-01-2020,06 - 07,17483,17465,10917,2623,1571,1212,978,1677
15-01-2020,07 - 08,18492,19113,11087,3033,1834,1316,1091,1821
15-01-2020,08 - 09,18812,19349,10969,3212,1920,1322,1116,1857
15-01-2020,09 - 10,18783,19230,10903,3215,1915,1326,1110,1844
15-01-2020,10 - 11,18823,19307,10893,3193,1924,1314,1104,1832
15-01-2020,11 - 12,18837,19227,10884,3132,1910,1310,1082,1797
15-01-2020,12 - 13,18862,19150,10819,3058,1859,1325,1107,1808
15-01-2020,13 - 14,18815,19138,10786,3105,1850,1319,1104,1794
15-01-2020,14 - 15,18985,19174,10789,3018,1834,1334,1109,1795
15-01-2020,15 - 16,19375,19438,10926,2997,1834,1340,1144,1806
15-01-2020,16 - 17,19736,19856,11051,3130,1946,1319,1117,1839
15-01-2020,17 - 18,19578,20162,11016,3319,2075,1285,1093,1813
15-01-2020,18 - 19,19332,19707,11026,3165,1999,1239,1054,1754
15-01-2020,19 - 20,19135,19215,10845,2992,1851,1202,1006,1692
15-01-2020,20 - 21,18888,18542,10369,2824,1763,1145,938,1568
15-01-2020,21 - 22,18476,17709,10443,2684,1665,1058,850,1398
15-01-2020,22 - 23,17918,16705,10234,2523,1547,967,763,1267
15-01-2020,23 - 00,17242,15792,9788,2408,1443,915,698,1206
16-01-2020,00 - 01,16704,15118,9422,2249,1322,857,652,1153
16-01-2020,01 - 02,16237,14884,9253,2180,1254,836,644,1131
16-01-2020,02 - 03,16110,14854,9221,2125,1209,848,634,1124
16-01-2020,03 - 04,16082,14933,9314,2143,1260,866,640,1137
16-01-2020,04 - 05,16185,15201,9673,2202,1284,906,680,1209
16-01-2020,05 - 06,16668,16010,10481,2399,1362,1025,793,1450
16-01-2020,06 - 07,18003,17909,10902,2734,1577,1185,931,1663
16-01-2020,07 - 08,19358,19605,11078,3131,1826,1309,1057,1800
16-01-2020,08 - 09,19836,19862,10976,3237,1851,1331,1086,1824
16-01-2020,09 - 10,19792,19752,10926,3149,1782,1338,1082,1829
16-01-2020,10 - 11,19738,19794,10944,3175,1830,1329,1071,1824
16-01-2020,11 - 12,19528,19692,10950,3134,1860,1337,1044,1794
16-01-2020,12 - 13,19326,19514,10886,3081,1899,1347,1068,1807
16-01-2020,13 - 14,19282,19422,10861,3086,1890,1332,1065,1795
16-01-2020,14 - 15,19414,19410,10873,2988,1856,1340,1062,1789
16-01-2020,15 - 16,19644,19686,11021,2952,1854,1331,1092,1790
16-01-2020,16 - 17,19894,20092,11173,3058,1935,1302,1083,1814
16-01-2020,17 - 18,19717,20421,11149,3203,2084,1265,1056,1785
16-01-2020,18 - 19,19412,20007,11164,3066,2018,1224,1014,1729
16-01-2020,19 - 20,19182,19551,10970,2940,1897,1176,994,1667
16-01-2020,20 - 21,18903,18950,10487,2783,1766,1116,945,1550
16-01-2020,21 - 22,18596,18166,10543,2667,1691,1039,864,1385
16-01-2020,22 - 23,18072,17203,10303,2523,1549,953,771,1252
16-01-2020,23 - 00,17413,16292,9905,2339,1450,888,702,1174
17-01-2020,00 - 01,16257,15851,9405,2210,1355,886,658,1148
17-01-2020,01 - 02,15983,15562,9222,2107,1285,864,657,1125
17-01-2020,02 - 03,15775,15482,9176,2078,1260,872,661,1120
17-01-2020,03 - 04,15775,15541,9286,2117,1275,886,682,1135
17-01-2020,04 - 05,15951,15796,9693,2165,1295,929,721,1203
17-01-2020,05 - 06,16401,16594,10513,2304,1399,1051,824,1432
17-01-2020,06 - 07,17556,18460,10941,2614,1615,1203,969,1645
17-01-2020,07 - 08,19005,20101,11109,3006,1828,1321,1063,1783
17-01-2020,08 - 09,19570,20372,11078,3174,1906,1328,1095,1824
17-01-2020,09 - 10,19597,20274,11061,3127,1939,1319,1077,1823
17-01-2020,10 - 11,19516,20288,11050,3093,1934,1312,1073,1815
17-01-2020,11 - 12,19300,20068,11020,2992,1890,1308,1047,1777
17-01-2020,12 - 13,19100,19741,10943,2876,1817,1320,1051,1777
17-01-2020,13 - 14,18962,19369,10904,2794,1775,1311,1039,1753
17-01-2020,14 - 15,19006,19182,10938,2670,1731,1322,1057,1733
17-01-2020,15 - 16,19144,19307,11119,2613,1728,1329,1071,1732
17-01-2020,16 - 17,19357,19781,11286,2748,1840,1315,1055,1783
17-01-2020,17 - 18,19339,20109,11226,3008,2000,1275,1016,1748
17-01-2020,18 - 19,19105,19741,11195,2849,1945,1241,992,1698
17-01-2020,19 - 20,18832,19093,10975,2638,1827,1199,969,1626
17-01-2020,20 - 21,18342,18292,10475,2477,1703,1136,900,1541
17-01-2020,21 - 22,17783,17587,10545,2327,1581,1058,844,1421
17-01-2020,22 - 23,17207,16869,10281,2199,1475,970,774,1311
17-01-2020,23 - 00,16704,16152,9689,2068,1363,907,691,1226
18-01-2020,00 - 01,15836,15646,9215,1936,1261,905,680,1134
18-01-2020,01 - 02,15564,15328,8991,1878,1203,892,663,1107
18-01-2020,02 - 03,15376,15090,8880,1844,1191,884,652,1093
18-01-2020,03 - 04,15234,14996,8888,1824,1160,878,659,1094
18-01-2020,04 - 05,15219,15035,9010,1867,1207,894,677,1122
18-01-2020,05 - 06,15331,15201,9287,1931,1238,938,719,1195
18-01-2020,06 - 07,15587,15642,9410,2075,1289,999,787,1292
18-01-2020,07 - 08,16069,16255,9742,2298,1393,1069,841,1407
18-01-2020,08 - 09,16769,16888,9830,2481,1509,1113,890,1500
18-01-2020,09 - 10,17444,17451,9945,2560,1618,1154,924,1559
18-01-2020,10 - 11,17845,17889,10035,2603,1680,1166,931,1579
18-01-2020,11 - 12,17937,17959,10034,2584,1695,1161,928,1574
18-01-2020,12 - 13,17905,17865,10028,2567,1705,1150,922,1563
18-01-2020,13 - 14,17827,17714,10038,2533,1698,1151,917,1536
18-01-2020,14 - 15,17844,17599,10214,2513,1682,1173,927,1519
18-01-2020,15 - 16,18028,17872,10576,2502,1694,1222,961,1558
18-01-2020,16 - 17,18372,18495,10903,2651,1764,1225,993,1642
18-01-2020,17 - 18,18596,18841,11008,2902,1901,1213,968,1631
18-01-2020,18 - 19,18453,18586,10908,2822,1864,1185,943,1583
18-01-2020,19 - 20,18081,18127,10529,2603,1744,1141,913,1523
18-01-2020,20 - 21,17636,17570,10016,2441,1634,1103,870,1458
18-01-2020,21 - 22,17198,17000,10191,2333,1553,1032,809,1361
18-01-2020,22 - 23,16834,16420,9998,2198,1463,975,752,1233
18-01-2020,23 - 00,16474,15877,9472,2076,1379,930,693,1153
19-01-2020,00 - 01,16135,15257,9158,1957,1279,873,645,1105
19-01-2020,01 - 02,15867,15032,8887,1877,1224,849,627,1078
19-01-2020,02 - 03,15752,14953,8770,1853,1189,848,617,1067
19-01-2020,03 - 04,15719,14971,8786,1848,1172,856,620,1072
19-01-2020,04 - 05,15737,15108,8844,1865,1169,871,638,1097
19-01-2020,05 - 06,15755,15366,9033,1920,1197,903,672,1163
19-01-2020,06 - 07,15984,15855,9088,2078,1260,947,721,1235
19-01-2020,07 - 08,16284,16439,9315,2244,1360,1002,776,1299
19-01-2020,08 - 09,16770,16984,9408,2406,1490,1048,812,1403
19-01-2020,09 - 10,17282,17614,9585,2504,1606,1088,865,1488
19-01-2020,10 - 11,17696,18042,9735,2516,1665,1118,887,1511
19-01-2020,11 - 12,17860,18200,9763,2457,1687,1103,898,1516
19-01-2020,12 - 13,17806,18117,9715,2432,1682,1102,899,1513
19-01-2020,13 - 14,17879,17998,9723,2366,1668,1106,903,1495
19-01-2020,14 - 15,17947,18053,9850,2348,1652,1125,907,1490
19-01-2020,15 - 16,18188,18451,10172,2405,1611,1190,945,1535
19-01-2020,16 - 17,18529,19220,10433,2571,1715,1206,969,1636
19-01-2020,17 - 18,18602,19786,10493,2908,1926,1203,961,1647
19-01-2020,18 - 19,18405,19737,10477,2800,1932,1179,941,1615
19-01-2020,19 - 20,18240,19465,10242,2565,1825,1138,920,1560
19-01-2020,20 - 21,18117,18967,9837,2390,1686,1082,866,1475
19-01-2020,21 - 22,17875,18292,10081,2279,1590,1009,800,1354
19-01-2020,22 - 23,17506,17525,9967,2165,1475,950,734,1256
19-01-2020,23 - 00,16930,16851,9689,2055,1368,904,679,1164
20-01-2020,00 - 01,16819,16366,9551,1994,1281,884,654,1135
20-01-2020,01 - 02,16469,16178,9343,1976,1232,864,634,1102
20-01-2020,02 - 03,16305,16119,9292,1959,1202,877,632,1093
20-01-2020,03 - 04,16280,16170,9390,1949,1223,900,646,1109
20-01-2020,04 - 05,16439,16466,9787,1986,1255,940,682,1195
20-01-2020,05 - 06,16852,17324,10674,2148,1350,1060,801,1451
20-01-2020,06 - 07,18132,19247,11133,2579,1561,1207,937,1675
20-01-2020,07 - 08,19471,20878,11307,3016,1843,1321,1057,1813
20-01-2020,08 - 09,20001,21137,11251,3097,1937,1330,1056,1855
20-01-2020,09 - 10,20038,20952,11195,3083,1959,1321,1071,1854
20-01-2020,10 - 11,19890,20914,11193,3147,1961,1315,1068,1844
20-01-2020,11 - 12,19673,20718,11115,3130,1951,1301,1040,1814
20-01-2020,12 - 13,19428,20469,11009,3067,1963,1316,1051,1822
20-01-2020,13 - 14,19285,20287,10975,3109,1973,1299,1046,1807
20-01-2020,14 - 15,19359,20197,10969,3059,1943,1303,1041,1793
20-01-2020,15 - 16,19574,20396,11092,2949,1918,1307,1077,1788
20-01-2020,16 - 17,19813,20687,11220,3050,2002,1306,1081,1824
20-01-2020,17 - 18,19703,20937,11143,3314,2178,1266,1066,1802
20-01-2020,18 - 19,19305,20416,11120,3100,2095,1232,1031,1753
20-01-2020,19 - 20,18979,19815,10912,2921,1928,1192,981,1681
20-01-2020,20 - 21,18657,19067,10430,2778,1781,1129,924,1574
20-01-2020,21 - 22,18260,18137,10535,2634,1656,1055,847,1423
20-01-2020,22 - 23,17734,17040,10296,2449,1526,977,771,1315
20-01-2020,23 - 00,16964,16051,9770,2298,1411,906,707,1217
21-01-2020,00 - 01,15851,15215,9457,2180,1258,892,660,1153
21-01-2020,01 - 02,15460,14918,9234,2101,1209,882,647,1137
21-01-2020,02 - 03,15275,14829,9160,2082,1196,849,643,1136
21-01-2020,03 - 04,15220,14872,9222,2118,1223,851,646,1152
21-01-2020,04 - 05,15364,15149,9541,2170,1270,921,695,1236
21-01-2020,05 - 06,15804,15990,10331,2314,1385,1053,806,1458
21-01-2020,06 - 07,16933,17931,10732,2610,1593,1219,963,1673
21-01-2020,07 - 08,18230,19647,10868,3012,1837,1310,1060,1807
21-01-2020,08 - 09,18740,19905,10798,3152,1897,1316,1090,1812
21-01-2020,09 - 10,18750,19792,10791,3128,1930,1314,1079,1830
21-01-2020,10 - 11,18759,19785,10841,3189,1923,1302,1067,1816
21-01-2020,11 - 12,18611,19666,10877,3195,1880,1286,1050,1791
21-01-2020,12 - 13,18537,19506,10851,3148,1870,1294,1064,1808
21-01-2020,13 - 14,18472,19430,10811,3169,1875,1281,1061,1800
21-01-2020,14 - 15,18586,19467,10816,3097,1855,1291,1061,1791
21-01-2020,15 - 16,18902,19786,11006,3028,1849,1312,1079,1773
21-01-2020,16 - 17,19206,20200,11253,3081,1952,1301,1078,1813
21-01-2020,17 - 18,19113,20570,11296,3314,2100,1273,1043,1796
21-01-2020,18 - 19,18774,20147,11365,3204,2025,1233,1016,1743
21-01-2020,19 - 20,18477,19674,11203,3019,1914,1206,975,1682
21-01-2020,20 - 21,18227,19011,10711,2857,1774,1141,920,1574
21-01-2020,21 - 22,17843,18169,10783,2646,1645,1059,841,1418
21-01-2020,22 - 23,17306,17166,10572,2451,1508,968,765,1297
21-01-2020,23 - 00,16730,16242,10080,2314,1388,916,696,1225
22-01-2020,00 - 01,16311,15628,9794,2208,1286,892,672,1190
22-01-2020,01 - 02,15962,15368,9639,2118,1212,883,658,1166
22-01-2020,02 - 03,15827,15338,9608,2089,1213,877,653,1164
22-01-2020,03 - 04,15787,15440,9703,2131,1243,884,663,1183
22-01-2020,04 - 05,15849,15770,10062,2250,1278,923,706,1262
22-01-2020,05 - 06,16331,16637,10856,2371,1380,1052,828,1488
22-01-2020,06 - 07,17514,18634,11277,2684,1602,1204,966,1692
22-01-2020,07 - 08,18752,20434,11409,3117,1842,1300,1068,1819
22-01-2020,08 - 09,19137,20767,11344,3268,1906,1306,1102,1862
22-01-2020,09 - 10,19113,20699,11311,3198,1912,1306,1102,1857
22-01-2020,10 - 11,19117,20702,11304,3169,1917,1294,1079,1840
22-01-2020,11 - 12,19040,20513,11310,3103,1893,1296,1063,1801
22-01-2020,12 - 13,19007,20305,11268,2996,1861,1291,1075,1812
22-01-2020,13 - 14,18915,20182,11259,2971,1840,1288,1073,1796
22-01-2020,14 - 15,19101,20217,11246,2896,1813,1291,1077,1793
22-01-2020,15 - 16,19415,20576,11414,2851,1803,1306,1105,1782
22-01-2020,16 - 17,19828,21060,11615,2936,1894,1303,1095,1826
22-01-2020,17 - 18,19791,21508,11638,3159,2072,1279,1058,1813
22-01-2020,18 - 19,19540,21118,11666,3060,2035,1248,1017,1766
22-01-2020,19 - 20,19374,20672,11487,2901,1928,1226,980,1711
22-01-2020,20 - 21,19137,20103,10999,2759,1802,1166,913,1590
22-01-2020,21 - 22,18742,19338,11072,2584,1691,1078,855,1433
22-01-2020,22 - 23,18159,18383,10858,2393,1566,979,763,1311
22-01-2020,23 - 00,17422,17509,10418,2199,1460,921,704,1242
23-01-2020,00 - 01,16878,16759,9854,2076,1345,917,665,1169
23-01-2020,01 - 02,16488,16501,9695,2002,1293,896,654,1151
23-01-2020,02 - 03,16361,16478,9676,1965,1278,891,652,1150
23-01-2020,03 - 04,16373,16569,9759,2009,1293,899,662,1172
23-01-2020,04 - 05,16548,16867,10116,2087,1317,938,701,1250
23-01-2020,05 - 06,17062,17700,10919,2236,1395,1070,834,1495
23-01-2020,06 - 07,18459,19572,11319,2593,1605,1229,976,1698
23-01-2020,07 - 08,19930,21217,11438,2993,1847,1314,1062,1812
23-01-2020,08 - 09,20477,21401,11393,3120,1936,1323,1103,1852
23-01-2020,09 - 10,20405,21215,11333,3091,1953,1317,1105,1851
23-01-2020,10 - 11,20290,21124,11363,3137,1967,1303,1087,1830
23-01-2020,11 - 12,20031,20851,11315,3122,1959,1291,1064,1801
23-01-2020,12 - 13,19718,20567,11177,3048,1937,1305,1085,1803
23-01-2020,13 - 14,19643,20285,11099,3046,1944,1282,1075,1783
23-01-2020,14 - 15,19722,20145,11071,2996,1919,1284,1075,1785
23-01-2020,15 - 16,19914,20259,11185,2894,1914,1302,1097,1772
23-01-2020,16 - 17,20163,20513,11349,3016,1998,1303,1096,1809
23-01-2020,17 - 18,20040,20785,11325,3256,2145,1286,1071,1801
23-01-2020,18 - 19,19747,20275,11331,3126,2077,1249,1045,1758
23-01-2020,19 - 20,19475,19734,11128,2913,1937,1224,997,1732
23-01-2020,20 - 21,19147,19029,10621,2729,1793,1161,947,1637
23-01-2020,21 - 22,18757,18166,10656,2571,1674,1089,861,1476
23-01-2020,22 - 23,18196,17118,10388,2415,1551,987,777,1339
23-01-2020,23 - 00,17408,16152,9993,2235,1389,941,712,1254
24-01-2020,00 - 01,16487,15417,9613,2108,1291,934,686,1170
24-01-2020,01 - 02,16199,15119,9397,2041,1234,922,681,1151
24-01-2020,02 - 03,15956,15048,9321,2013,1210,921,688,1158
24-01-2020,03 - 04,15994,15107,9418,1998,1216,930,710,1175
24-01-2020,04 - 05,16201,15392,9817,2037,1239,971,745,1246
24-01-2020,05 - 06,16680,16231,10647,2177,1333,1095,849,1459
24-01-2020,06 - 07,17886,18166,11070,2548,1563,1247,990,1656
24-01-2020,07 - 08,19317,19811,11200,2948,1800,1341,1074,1786
24-01-2020,08 - 09,19882,20084,11166,3078,1889,1352,1097,1814
24-01-2020,09 - 10,19856,20017,11173,3074,1912,1334,1091,1788
24-01-2020,10 - 11,19821,20051,11173,3129,1925,1317,1076,1770
24-01-2020,11 - 12,19698,19852,11118,3089,1907,1301,1044,1740
24-01-2020,12 - 13,19601,19597,11022,2972,1893,1319,1061,1748
24-01-2020,13 - 14,19469,19298,10931,2876,1876,1306,1069,1743
24-01-2020,14 - 15,19489,19183,10941,2761,1851,1316,1056,1717
24-01-2020,15 - 16,19615,19321,11097,2696,1852,1328,1079,1713
24-01-2020,16 - 17,19851,19775,11294,2784,1942,1328,1057,1763
24-01-2020,17 - 18,19881,20185,11282,3016,2061,1299,1059,1734
24-01-2020,18 - 19,19690,19862,11256,2918,2010,1264,1022,1684
24-01-2020,19 - 20,19374,19261,11077,2653,1853,1234,975,1621
24-01-2020,20 - 21,18920,18487,10590,2456,1720,1174,932,1537
24-01-2020,21 - 22,18414,17769,10685,2298,1594,1087,867,1421
24-01-2020,22 - 23,17937,17074,10462,2174,1487,987,780,1309
24-01-2020,23 - 00,17434,16368,9952,2020,1388,937,712,1214
25-01-2020,00 - 01,16683,15726,9502,1912,1309,921,677,1172
25-01-2020,01 - 02,16398,15465,9273,1835,1244,902,663,1141
25-01-2020,02 - 03,16247,15300,9181,1828,1226,904,645,1133
25-01-2020,03 - 04,16154,15298,9220,1828,1223,897,649,1136
25-01-2020,04 - 05,16147,15458,9350,1845,1219,917,669,1161
25-01-2020,05 - 06,16295,15745,9682,1883,1248,958,712,1244
25-01-2020,06 - 07,16631,16298,9831,2007,1316,1013,774,1336
25-01-2020,07 - 08,17150,17016,10153,2200,1430,1078,844,1415
25-01-2020,08 - 09,17845,17706,10297,2331,1546,1120,886,1518
25-01-2020,09 - 10,18492,18345,10468,2409,1644,1162,937,1582
25-01-2020,10 - 11,18849,18683,10560,2429,1697,1162,940,1602
25-01-2020,11 - 12,18837,18640,10584,2419,1703,1153,935,1596
25-01-2020,12 - 13,18672,18446,10564,2377,1688,1152,944,1582
25-01-2020,13 - 14,18549,18221,10493,2348,1659,1144,941,1551
25-01-2020,14 - 15,18527,18106,10597,2351,1647,1159,937,1532
25-01-2020,15 - 16,18645,18378,10967,2377,1654,1211,960,1559
25-01-2020,16 - 17,19048,19066,11408,2461,1747,1206,976,1644
25-01-2020,17 - 18,19316,19520,11567,2729,1915,1182,966,1637
25-01-2020,18 - 19,19131,19235,11479,2642,1884,1160,931,1593
25-01-2020,19 - 20,18731,18689,11090,2476,1746,1112,911,1538
25-01-2020,20 - 21,18258,18033,10598,2300,1629,1073,872,1464
25-01-2020,21 - 22,17785,17379,10820,2174,1545,1007,805,1363
25-01-2020,22 - 23,17392,16704,10654,2064,1460,961,754,1279
25-01-2020,23 - 00,17015,16051,10123,1970,1370,915,692,1189
26-01-2020,00 - 01,16295,15357,9755,1862,1284,860,655,1130
26-01-2020,01 - 02,16023,15041,9470,1789,1227,846,639,1106
26-01-2020,02 - 03,15875,14833,9356,1783,1193,827,625,1096
26-01-2020,03 - 04,15840,14761,9351,1749,1179,816,629,1096
26-01-2020,04 - 05,15864,14810,9404,1777,1168,862,641,1129
26-01-2020,05 - 06,15855,14965,9587,1798,1194,892,690,1190
26-01-2020,06 - 07,16096,15397,9617,1900,1252,938,739,1259
26-01-2020,07 - 08,16432,15909,9816,2069,1352,989,794,1328
26-01-2020,08 - 09,16954,16425,9923,2219,1473,1029,838,1438
26-01-2020,09 - 10,17505,17069,10101,2336,1584,1069,882,1514
26-01-2020,10 - 11,17936,17530,10201,2409,1671,1092,896,1531
26-01-2020,11 - 12,18095,17756,10209,2411,1705,1094,905,1533
26-01-2020,12 - 13,18033,17786,10134,2403,1706,1100,907,1525
26-01-2020,13 - 14,18101,17667,10092,2388,1700,1103,908,1509
26-01-2020,14 - 15,18181,17649,10172,2350,1689,1107,907,1501
26-01-2020,15 - 16,18441,17895,10448,2358,1699,1166,941,1527
26-01-2020,16 - 17,18825,18521,10794,2486,1761,1184,978,1627
26-01-2020,17 - 18,18880,19056,10909,2761,1904,1167,969,1642
26-01-2020,18 - 19,18683,18977,10913,2710,1924,1150,954,1612
26-01-2020,19 - 20,18471,18613,10665,2562,1820,1113,929,1561
26-01-2020,20 - 21,18325,18060,10219,2417,1693,1059,882,1478
26-01-2020,21 - 22,18089,17332,10521,2257,1561,996,817,1361
26-01-2020,22 - 23,17616,16536,10398,2129,1442,933,746,1250
26-01-2020,23 - 00,16979,15847,10018,2021,1345,893,682,1180
27-01-2020,00 - 01,16356,15065,9792,1976,1285,921,663,1143
27-01-2020,01 - 02,16001,14841,9641,1985,1241,904,647,1125
27-01-2020,02 - 03,15835,14822,9639,1964,1205,904,641,1122
27-01-2020,03 - 04,15795,14902,9764,1965,1225,910,650,1142
27-01-2020,04 - 05,15932,15236,10186,2002,1264,939,697,1220
27-01-2020,05 - 06,16367,16153,11120,2185,1337,1073,818,1461
27-01-2020,06 - 07,17660,18184,11634,2621,1568,1217,954,1675
27-01-2020,07 - 08,19058,19947,11817,3041,1811,1320,1064,1819
27-01-2020,08 - 09,19632,20249,11717,3236,1925,1326,1082,1866
27-01-2020,09 - 10,19663,20189,11657,3181,1963,1316,1098,1857
27-01-2020,10 - 11,19582,20254,11639,3254,1982,1305,1077,1852
27-01-2020,11 - 12,19486,20127,11624,3192,1981,1282,1040,1818
27-01-2020,12 - 13,19323,19953,11562,3051,1973,1298,1060,1824
27-01-2020,13 - 14,19250,19815,11532,3033,1966,1273,1069,1827
27-01-2020,14 - 15,19405,19764,11512,2995,1924,1276,1063,1808
27-01-2020,15 - 16,19678,19985,11563,2902,1912,1282,1094,1792
27-01-2020,16 - 17,20000,20308,11717,2898,1982,1288,1099,1829
27-01-2020,17 - 18,19961,20698,11648,3150,2146,1263,1080,1816
27-01-2020,18 - 19,19639,20242,11626,3044,2068,1225,1043,1766
27-01-2020,19 - 20,19385,19691,11426,2852,1910,1208,1004,1700
27-01-2020,20 - 21,19091,19027,10934,2653,1765,1158,941,1593
27-01-2020,21 - 22,18667,18169,11021,2561,1645,1092,862,1438
27-01-2020,22 - 23,18075,17122,10775,2355,1509,1014,784,1294
27-01-2020,23 - 00,17281,16172,10204,2144,1376,974,713,1219
28-01-2020,00 - 01,16665,15560,9537,2023,1267,862,680,1179
28-01-2020,01 - 02,16286,15286,9360,1938,1208,858,666,1161
28-01-2020,02 - 03,16099,15223,9324,1935,1198,847,653,1152
28-01-2020,03 - 04,16052,15271,9402,1973,1207,851,653,1167
28-01-2020,04 - 05,16190,15560,9813,2016,1235,894,697,1244
28-01-2020,05 - 06,16626,16415,10738,2180,1328,1026,838,1473
28-01-2020,06 - 07,17864,18387,11211,2614,1590,1168,983,1674
28-01-2020,07 - 08,19260,20106,11329,3068,1840,1267,1089,1808
28-01-2020,08 - 09,19713,20342,11189,3166,1932,1298,1105,1859
28-01-2020,09 - 10,19693,20267,11089,3157,1975,1296,1107,1857
28-01-2020,10 - 11,19670,20316,11055,3204,1980,1289,1108,1854
28-01-2020,11 - 12,19507,20230,11064,3202,1958,1274,1072,1818
28-01-2020,12 - 13,19487,20123,11002,3125,1945,1293,1099,1830
28-01-2020,13 - 14,19499,20011,10969,3149,1941,1275,1094,1812
28-01-2020,14 - 15,19675,19981,10962,3109,1917,1275,1096,1792
28-01-2020,15 - 16,19975,20200,11049,3039,1892,1288,1119,1769
28-01-2020,16 - 17,20282,20524,11240,3086,1947,1293,1117,1792
28-01-2020,17 - 18,20208,20938,11219,3319,2114,1266,1096,1786
28-01-2020,18 - 19,19812,20514,11224,3178,2069,1229,1050,1730
28-01-2020,19 - 20,19470,19977,10985,3016,1930,1201,1010,1669
28-01-2020,20 - 21,19159,19287,10401,2825,1791,1142,951,1565
28-01-2020,21 - 22,18757,18426,10440,2647,1676,1051,865,1415
28-01-2020,22 - 23,18166,17370,10173,2475,1574,974,779,1290
28-01-2020,23 - 00,17461,16432,9644,2322,1452,918,713,1217
29-01-2020,00 - 01,17260,15777,9105,2197,1337,888,675,1200
29-01-2020,01 - 02,16873,15441,8972,2108,1272,880,664,1168
29-01-2020,02 - 03,16693,15351,8965,2121,1245,863,659,1157
29-01-2020,03 - 04,16632,15405,9052,2118,1258,875,669,1174
29-01-2020,04 - 05,16655,15706,9402,2184,1307,913,707,1252
29-01-2020,05 - 06,17085,16635,10165,2325,1424,1049,839,1486
29-01-2020,06 - 07,18294,18752,10560,2641,1640,1180,966,1697
29-01-2020,07 - 08,19622,20606,10673,3100,1875,1282,1084,1820
29-01-2020,08 - 09,20053,20864,10576,3240,1976,1305,1110,1871
29-01-2020,09 - 10,19948,20794,10515,3177,1978,1308,1100,1860
29-01-2020,10 - 11,19878,20849,10506,3197,1966,1298,1117,1846
29-01-2020,11 - 12,19724,20735,10528,3146,1926,1285,1074,1817
29-01-2020,12 - 13,19622,20575,10490,3152,1902,1304,1092,1829
29-01-2020,13 - 14,19619,20420,10490,3149,1903,1290,1089,1809
29-01-2020,14 - 15,19909,20324,10504,3063,1901,1289,1089,1796
29-01-2020,15 - 16,20238,20535,10598,2987,1892,1299,1106,1779
29-01-2020,16 - 17,20695,20889,10783,3031,1968,1310,1105,1831
29-01-2020,17 - 18,20718,21329,10790,3305,2146,1284,1091,1831
29-01-2020,18 - 19,20454,20868,10817,3198,2100,1249,1047,1781
29-01-2020,19 - 20,20238,20302,10646,3016,1983,1222,1006,1720
29-01-2020,20 - 21,19928,19547,10191,2870,1840,1164,942,1619
29-01-2020,21 - 22,19480,18602,10243,2767,1703,1071,856,1464
29-01-2020,22 - 23,18809,17454,10033,2615,1561,983,774,1321
29-01-2020,23 - 00,17952,16425,9618,2459,1446,927,711,1230
30-01-2020,00 - 01,16976,15875,8636,2168,1313,897,685,1200
30-01-2020,01 - 02,16669,15578,8498,2118,1243,881,674,1184
30-01-2020,02 - 03,16524,15516,8476,2164,1233,878,667,1176
30-01-2020,03 - 04,16525,15565,8515,2193,1293,886,677,1194
30-01-2020,04 - 05,16675,15861,8795,2247,1319,931,716,1260
30-01-2020,05 - 06,17164,16759,9351,2398,1415,1065,832,1477
30-01-2020,06 - 07,18577,18788,9702,2721,1639,1210,979,1695
30-01-2020,07 - 08,20050,20549,9828,3146,1902,1308,1076,1814
30-01-2020,08 - 09,20609,20805,9793,3279,1955,1332,1107,1870
30-01-2020,09 - 10,20535,20751,9791,3256,1947,1328,1107,1864
30-01-2020,10 - 11,20499,20808,9803,3294,1949,1322,1094,1847
30-01-2020,11 - 12,20336,20716,9746,3259,1940,1311,1062,1818
30-01-2020,12 - 13,20133,20578,9668,3174,1930,1321,1083,1821
30-01-2020,13 - 14,20107,20433,9673,3197,1900,1304,1077,1795
30-01-2020,14 - 15,20265,20357,9678,3134,1860,1306,1076,1789
30-01-2020,15 - 16,20459,20525,9736,3069,1837,1309,1085,1774
30-01-2020,16 - 17,20754,20834,9871,3101,1918,1317,1097,1810
30-01-2020,17 - 18,20695,21281,9843,3331,2097,1290,1086,1812
30-01-2020,18 - 19,20437,20848,9801,3160,2033,1252,1060,1762
30-01-2020,19 - 20,20192,20332,9666,2956,1897,1221,1008,1698
30-01-2020,20 - 21,20000,19649,9327,2800,1765,1168,954,1589
30-01-2020,21 - 22,19315,18758,9362,2720,1640,1079,876,1437
30-01-2020,22 - 23,18493,17693,9200,2550,1516,978,792,1297
30-01-2020,23 - 00,17851,16735,8824,2380,1395,918,726,1248
31-01-2020,00 - 01,17472,16476,8638,2219,1305,896,696,1179
31-01-2020,01 - 02,17144,16204,8490,2180,1254,887,694,1157
31-01-2020,02 - 03,16892,16115,8458,2164,1230,883,697,1149
31-01-2020,03 - 04,16907,16159,8515,2185,1239,893,716,1165
31-01-2020,04 - 05,17097,16423,8780,2229,1266,939,748,1236
31-01-2020,05 - 06,17570,17247,9329,2389,1339,1077,855,1457
31-01-2020,06 - 07,18773,19164,9647,2716,1538,1218,1000,1669
31-01-2020,07 - 08,20249,20764,9793,3127,1800,1307,1081,1796
31-01-2020,08 - 09,20775,20994,9768,3268,1899,1325,1110,1841
31-01-2020,09 - 10,20646,20957,9768,3200,1926,1321,1106,1835
31-01-2020,10 - 11,20572,20977,9768,3208,1941,1307,1115,1817
31-01-2020,11 - 12,20363,20821,9744,3127,1915,1296,1090,1789
31-01-2020,12 - 13,20231,20598,9695,2984,1869,1308,1084,1793
31-01-2020,13 - 14,20133,20296,9673,2903,1828,1288,1089,1766
31-01-2020,14 - 15,20179,20059,9677,2773,1790,1291,1079,1737
31-01-2020,15 - 16,20248,20013,9736,2744,1795,1284,1084,1694
31-01-2020,16 - 17,20510,20269,9866,2811,1896,1291,1113,1741
31-01-2020,17 - 18,20630,20645,9859,3068,2045,1271,1086,1720
31-01-2020,18 - 19,20395,20241,9881,2945,1981,1239,1048,1669
31-01-2020,19 - 20,19970,19540,9741,2744,1826,1211,1006,1605
31-01-2020,20 - 21,19446,18692,9410,2572,1698,1156,946,1517
31-01-2020,21 - 22,18865,17910,9436,2402,1579,1072,866,1424
31-01-2020,22 - 23,18311,17151,9267,2258,1472,979,786,1313
31-01-2020,23 - 00,17768,16388,9956,2108,1387,926,717,1232
1/2/2020,00 - 01,16867,15761,10083,1985,1265,927,672,1151
1/2/2020,01 - 02,16602,15415,9887,2035,1206,905,658,1126
1/2/2020,02 - 03,16402,15198,9796,1990,1184,896,649,1113
1/2/2020,03 - 04,16243,15099,9801,1972,1196,902,651,1113
1/2/2020,04 - 05,16179,15123,9914,2014,1193,912,667,1137
1/2/2020,05 - 06,16260,15264,10182,2042,1217,945,714,1211
1/2/2020,06 - 07,16550,15730,10294,2099,1281,996,772,1307
1/2/2020,07 - 08,17108,16297,10511,2311,1370,1069,820,1398
1/2/2020,08 - 09,17720,16886,10607,2524,1483,1119,896,1505
1/2/2020,09 - 10,18341,17485,10701,2627,1583,1144,921,1575
1/2/2020,10 - 11,18692,17815,10741,2651,1648,1152,936,1592
1/2/2020,11 - 12,18739,17833,10733,2621,1658,1148,927,1593
1/2/2020,12 - 13,18553,17686,10724,2609,1636,1145,926,1584
1/2/2020,13 - 14,18338,17443,10722,2612,1629,1137,920,1552
1/2/2020,14 - 15,18197,17261,10799,2584,1609,1137,915,1529
1/2/2020,15 - 16,18298,17292,11039,2531,1603,1184,933,1541
1/2/2020,16 - 17,18716,17888,11373,2586,1686,1203,968,1611
1/2/2020,17 - 18,18910,18462,11497,2854,1830,1180,978,1616
1/2/2020,18 - 19,18780,18255,11380,2805,1823,1163,942,1573
1/2/2020,19 - 20,18390,17717,11001,2619,1709,1126,913,1522
1/2/2020,20 - 21,17933,17098,10547,2500,1595,1081,873,1446
1/2/2020,21 - 22,17459,16478,10676,2397,1533,1022,808,1343
1/2/2020,22 - 23,17095,15887,10481,2279,1454,965,746,1240
1/2/2020,23 - 00,16746,15315,10055,2151,1396,916,686,1152
2/2/2020,00 - 01,16165,14757,8963,1986,1305,870,657,1107
2/2/2020,01 - 02,15969,14524,8792,1882,1231,862,635,1072
2/2/2020,02 - 03,15879,14408,8719,1874,1184,844,625,1063
2/2/2020,03 - 04,15881,14379,8653,1867,1159,849,625,1062
2/2/2020,04 - 05,15937,14465,8791,1895,1160,864,644,1089
2/2/2020,05 - 06,15993,14696,8840,1930,1193,913,674,1148
2/2/2020,06 - 07,16249,15216,8902,2011,1247,953,732,1225
2/2/2020,07 - 08,16620,15807,9113,2193,1349,1003,768,1302
2/2/2020,08 - 09,17098,16470,9192,2369,1461,1048,817,1399
2/2/2020,09 - 10,17611,17247,9315,2475,1549,1097,879,1470
2/2/2020,10 - 11,17998,17695,9313,2467,1608,1108,891,1503
2/2/2020,11 - 12,18124,17717,9292,2430,1618,1106,892,1506
2/2/2020,12 - 13,18102,17545,9120,2396,1605,1094,890,1502
2/2/2020,13 - 14,18118,17326,9022,2356,1590,1085,896,1484
2/2/2020,14 - 15,18145,17277,8950,2324,1584,1096,898,1470
2/2/2020,15 - 16,18417,17653,9143,2317,1599,1136,917,1493
2/2/2020,16 - 17,18813,18533,9270,2421,1672,1176,967,1584
2/2/2020,17 - 18,18948,19518,9390,2754,1849,1160,975,1616
2/2/2020,18 - 19,18774,19647,9397,2795,1911,1141,947,1587
2/2/2020,19 - 20,18600,19304,9141,2584,1753,1113,919,1525
2/2/2020,20 - 21,18496,18787,8788,2417,1640,1060,878,1435
2/2/2020,21 - 22,18294,18118,8979,2284,1538,992,804,1308
2/2/2020,22 - 23,17881,17387,8865,2148,1420,932,744,1191
2/2/2020,23 - 00,17293,16746,8642,2058,1326,888,674,1132
3/2/2020,00 - 01,16977,16349,8094,1973,1228,904,644,1102
3/2/2020,01 - 02,16674,16182,7947,1932,1167,889,627,1086
3/2/2020,02 - 03,16549,16209,7940,1933,1139,883,621,1085
3/2/2020,03 - 04,16605,16390,8074,1944,1186,896,640,1104
3/2/2020,04 - 05,16812,16748,8504,1984,1236,935,683,1177
3/2/2020,05 - 06,17309,17726,9389,2159,1345,1069,817,1421
3/2/2020,06 - 07,18671,19838,9933,2603,1573,1207,927,1648
3/2/2020,07 - 08,20174,21632,10202,3071,1818,1285,1030,1791
3/2/2020,08 - 09,20713,21962,10151,3128,1894,1316,1077,1856
3/2/2020,09 - 10,20633,21884,10120,3059,1900,1314,1090,1863
3/2/2020,10 - 11,20524,21791,10056,3062,1917,1300,1074,1861
3/2/2020,11 - 12,20395,21332,9881,3025,1899,1298,1047,1827
3/2/2020,12 - 13,20201,20899,9659,2997,1888,1289,1066,1833
3/2/2020,13 - 14,20117,20658,9552,3024,1884,1286,1067,1808
3/2/2020,14 - 15,20200,20669,9560,2871,1873,1277,1067,1793
3/2/2020,15 - 16,20471,21046,9725,2658,1865,1284,1069,1740
3/2/2020,16 - 17,20831,21583,10131,2683,1911,1295,1081,1769
3/2/2020,17 - 18,20828,22378,10293,2932,2052,1282,1063,1777
3/2/2020,18 - 19,20567,22180,10334,2799,2004,1239,1032,1726
3/2/2020,19 - 20,20375,21728,10149,2565,1854,1198,988,1659
3/2/2020,20 - 21,20122,21106,9680,2424,1728,1143,949,1552
3/2/2020,21 - 22,19744,20298,9746,2307,1596,1070,855,1421
3/2/2020,22 - 23,19146,19281,9522,2122,1429,994,778,1288
3/2/2020,23 - 00,18301,18376,9095,1978,1291,940,728,1207
4/2/2020,00 - 01,17779,17697,8758,1883,1246,869,685,1119
4/2/2020,01 - 02,17404,17425,8620,1749,1239,849,672,1098
4/2/2020,02 - 03,17291,17372,8632,1731,1204,834,660,1091
4/2/2020,03 - 04,17246,17452,8797,1796,1200,834,660,1101
4/2/2020,04 - 05,17412,17746,9251,1871,1226,915,699,1171
4/2/2020,05 - 06,17901,18614,10188,2081,1347,1055,820,1410
4/2/2020,06 - 07,19256,20596,10806,2515,1585,1205,973,1620
4/2/2020,07 - 08,20794,22275,11105,3025,1829,1293,1065,1759
4/2/2020,08 - 09,21264,22500,11138,2987,1885,1306,1094,1811
4/2/2020,09 - 10,21240,22404,11131,3050,1935,1310,1096,1807
4/2/2020,10 - 11,21154,22400,10980,3163,1953,1294,1086,1813
4/2/2020,11 - 12,20864,22205,10695,3128,1912,1282,1064,1779
4/2/2020,12 - 13,20859,21992,10388,3045,1873,1294,1108,1805
4/2/2020,13 - 14,20859,21795,10274,3047,1878,1277,1088,1788
4/2/2020,14 - 15,21019,21684,10316,3076,1913,1279,1087,1764
4/2/2020,15 - 16,21247,21881,10606,2974,1922,1270,1090,1736
4/2/2020,16 - 17,21540,22198,11064,2956,1960,1305,1108,1759
4/2/2020,17 - 18,21522,22822,11239,3204,2126,1292,1103,1767
4/2/2020,18 - 19,21138,22500,11263,3142,2073,1256,1055,1712
4/2/2020,19 - 20,20853,22036,11045,2946,1917,1212,981,1655
4/2/2020,20 - 21,20571,21398,10526,2770,1781,1165,946,1546
4/2/2020,21 - 22,20152,20563,10565,2645,1678,1088,864,1394
4/2/2020,22 - 23,19546,19543,10316,2501,1541,995,787,1265
4/2/2020,23 - 00,18796,18630,11520,2311,1422,943,733,1190
5/2/2020,00 - 01,18187,17741,9404,2199,1330,911,685,1158
5/2/2020,01 - 02,17802,17522,9236,2157,1293,902,667,1135
5/2/2020,02 - 03,17658,17484,9185,2169,1279,885,663,1131
5/2/2020,03 - 04,17632,17579,9289,2160,1286,899,670,1149
5/2/2020,04 - 05,17721,17872,9670,2159,1312,940,714,1229
5/2/2020,05 - 06,18201,18731,10541,2338,1432,1080,841,1457
5/2/2020,06 - 07,19570,20667,11060,2706,1693,1211,984,1664
5/2/2020,07 - 08,21023,22265,11242,3118,1956,1294,1054,1778
5/2/2020,08 - 09,21381,22446,11136,3222,2035,1323,1100,1835
5/2/2020,09 - 10,21216,22290,11065,3201,2039,1320,1110,1837
5/2/2020,10 - 11,21096,22107,10945,3131,2011,1298,1099,1825
5/2/2020,11 - 12,20870,21674,10746,3035,1963,1287,1078,1795
5/2/2020,12 - 13,20672,21276,10464,2962,1927,1304,1092,1807
5/2/2020,13 - 14,20502,21027,10353,2999,1917,1278,1091,1784
5/2/2020,14 - 15,20563,20913,10346,2980,1892,1278,1098,1762
5/2/2020,15 - 16,20770,21115,10529,2941,1868,1274,1094,1752
5/2/2020,16 - 17,21174,21501,10840,3018,1927,1297,1100,1767
5/2/2020,17 - 18,21180,22140,10878,3298,2109,1283,1106,1786
5/2/2020,18 - 19,20898,21811,10837,3254,2105,1245,1060,1741
5/2/2020,19 - 20,20671,21242,10567,3087,1980,1210,1036,1672
5/2/2020,20 - 21,20349,20499,9999,2916,1815,1165,982,1577
5/2/2020,21 - 22,19862,19577,10009,2766,1696,1082,876,1425
5/2/2020,22 - 23,19130,18521,9739,2617,1549,987,812,1297
5/2/2020,23 - 00,18231,17561,9228,2432,1439,935,760,1219
6/2/2020,00 - 01,17145,16827,8646,2290,1363,930,677,1160
6/2/2020,01 - 02,16753,16546,8502,2222,1310,918,663,1135
6/2/2020,02 - 03,16571,16474,8500,2224,1279,914,657,1138
6/2/2020,03 - 04,16601,16511,8658,2206,1300,928,669,1153
6/2/2020,04 - 05,16773,16787,9146,2236,1317,976,714,1228
6/2/2020,05 - 06,17228,17646,10076,2383,1381,1114,840,1446
6/2/2020,06 - 07,18634,19580,10670,2773,1620,1252,998,1658
6/2/2020,07 - 08,20090,21164,10897,3171,1903,1330,1076,1787
6/2/2020,08 - 09,20508,21357,10842,3277,2000,1341,1108,1839
6/2/2020,09 - 10,20287,21256,10784,3232,2024,1341,1114,1830
6/2/2020,10 - 11,20129,21235,10614,3225,1982,1330,1104,1821
6/2/2020,11 - 12,19870,21020,10334,3190,1991,1313,1088,1786
6/2/2020,12 - 13,19574,20737,10111,3079,1983,1326,1096,1796
6/2/2020,13 - 14,19475,20555,9998,3089,1950,1306,1056,1773
6/2/2020,14 - 15,19575,20421,9975,3107,1925,1299,1063,1759
6/2/2020,15 - 16,19629,20610,10182,2968,1890,1301,1101,1743
6/2/2020,16 - 17,19792,20964,10622,3003,1940,1324,1116,1774
6/2/2020,17 - 18,19726,21623,10791,3199,2089,1311,1079,1796
6/2/2020,18 - 19,19392,21421,10799,3091,2072,1274,1044,1751
6/2/2020,19 - 20,19088,20964,10576,2911,1975,1240,1004,1684
6/2/2020,20 - 21,18824,20364,10078,2750,1854,1187,920,1587
6/2/2020,21 - 22,18483,19564,10162,2622,1726,1103,868,1431
6/2/2020,22 - 23,17931,18598,9982,2440,1587,1005,794,1304
6/2/2020,23 - 00,17205,17726,9562,2216,1449,949,726,1206
7/2/2020,00 - 01,16890,17192,9189,2086,1312,913,681,1174
7/2/2020,01 - 02,16634,16974,9039,2015,1249,904,681,1154
7/2/2020,02 - 03,16376,16923,9025,2002,1217,896,696,1148
7/2/2020,03 - 04,16355,16990,9153,2055,1235,911,720,1163
7/2/2020,04 - 05,16522,17264,9613,2085,1288,959,737,1235
7/2/2020,05 - 06,16993,18085,10493,2193,1403,1095,855,1445
7/2/2020,06 - 07,18199,19992,11014,2571,1627,1234,976,1661
7/2/2020,07 - 08,19753,21470,11216,2989,1868,1319,1055,1791
7/2/2020,08 - 09,20209,21639,11101,3105,1970,1344,1106,1843
7/2/2020,09 - 10,20089,21499,11006,3063,2014,1330,1100,1832
7/2/2020,10 - 11,20008,21301,10849,3071,2041,1301,1099,1816
7/2/2020,11 - 12,19833,20884,10633,3043,2019,1296,1068,1786
7/2/2020,12 - 13,19671,20375,10478,2939,1994,1313,1085,1796
7/2/2020,13 - 14,19449,19867,10385,2887,1958,1292,1062,1766
7/2/2020,14 - 15,19383,19585,10352,2795,1916,1289,1063,1736
7/2/2020,15 - 16,19428,19596,10401,2721,1901,1300,1061,1712
7/2/2020,16 - 17,19660,20045,10611,2774,1953,1331,1069,1747
7/2/2020,17 - 18,19851,20767,10536,2984,2099,1326,1063,1765
7/2/2020,18 - 19,19678,20531,10477,3014,2124,1285,1036,1709
7/2/2020,19 - 20,19267,19837,10187,2731,1954,1253,1010,1649
7/2/2020,20 - 21,18789,18978,9614,2561,1792,1199,930,1554
7/2/2020,21 - 22,18194,18168,9629,2446,1682,1119,872,1422
7/2/2020,22 - 23,17622,17382,9357,2317,1582,1025,799,1311
7/2/2020,23 - 00,17113,16617,9197,2183,1491,974,732,1218
8/2/2020,00 - 01,16824,16166,9041,1999,1375,909,674,1152
8/2/2020,01 - 02,16575,15889,8831,1976,1306,892,677,1121
8/2/2020,02 - 03,16344,15738,8707,1930,1275,885,648,1112
8/2/2020,03 - 04,16201,15739,8690,1916,1270,878,652,1115
8/2/2020,04 - 05,16155,15835,8782,1960,1280,891,668,1141
8/2/2020,05 - 06,16295,16072,8929,2051,1300,928,713,1223
8/2/2020,06 - 07,16630,16623,9018,2154,1359,974,766,1308
8/2/2020,07 - 08,17213,17224,9171,2333,1471,1040,824,1404
8/2/2020,08 - 09,17821,17845,9231,2488,1588,1105,874,1498
8/2/2020,09 - 10,18422,18448,9380,2550,1693,1134,911,1551
8/2/2020,10 - 11,18763,18708,9340,2563,1746,1143,926,1568
8/2/2020,11 - 12,18794,18645,9234,2527,1735,1142,929,1561
8/2/2020,12 - 13,18624,18396,9124,2478,1707,1142,929,1542
8/2/2020,13 - 14,18474,18149,9105,2448,1685,1120,927,1515
8/2/2020,14 - 15,18387,17990,9104,2424,1668,1118,931,1498
8/2/2020,15 - 16,18504,18005,9387,2416,1672,1155,947,1510
8/2/2020,16 - 17,18841,18632,9630,2529,1721,1188,967,1582
8/2/2020,17 - 18,19067,19431,9745,2770,1855,1177,960,1617
8/2/2020,18 - 19,18892,19412,9676,2736,1949,1149,946,1576
8/2/2020,19 - 20,18520,18907,9347,2555,1789,1106,910,1524
8/2/2020,20 - 21,18125,18308,8926,2416,1670,1070,869,1438
8/2/2020,21 - 22,17609,17667,9089,2273,1591,1021,799,1318
8/2/2020,22 - 23,17180,17045,8930,2145,1524,961,741,1218
8/2/2020,23 - 00,16750,16430,8909,2018,1435,915,694,1145
9/2/2020,00 - 01,16229,15891,8544,1950,1347,880,662,1121
9/2/2020,01 - 02,16007,15568,8337,1911,1293,865,640,1094
9/2/2020,02 - 03,15887,15386,8229,1942,1272,845,633,1075
9/2/2020,03 - 04,15916,15317,8201,1969,1267,846,636,1072
9/2/2020,04 - 05,15945,15356,8289,2019,1272,862,652,1096
9/2/2020,05 - 06,16017,15534,8441,2051,1317,902,695,1161
9/2/2020,06 - 07,16275,15993,8552,2164,1376,946,757,1235
9/2/2020,07 - 08,16647,16470,8716,2309,1408,993,795,1313
9/2/2020,08 - 09,17163,16994,8782,2495,1500,1054,849,1409
9/2/2020,09 - 10,17671,17590,8937,2584,1613,1089,879,1465
9/2/2020,10 - 11,18109,17865,8958,2609,1699,1103,889,1490
9/2/2020,11 - 12,18317,17941,8932,2677,1727,1109,892,1489
9/2/2020,12 - 13,18324,17846,8850,2592,1735,1098,891,1474
9/2/2020,13 - 14,18361,17707,8838,2587,1737,1092,889,1459
9/2/2020,14 - 15,18404,17612,8826,2590,1741,1101,903,1447
9/2/2020,15 - 16,18682,17759,9065,2633,1748,1137,950,1456
9/2/2020,16 - 17,19091,18279,9261,2669,1788,1181,978,1543
9/2/2020,17 - 18,19325,18980,9370,2981,1924,1172,978,1617
9/2/2020,18 - 19,19122,18970,9331,2870,1973,1156,950,1595
9/2/2020,19 - 20,18921,18579,9019,2708,1823,1125,923,1543
9/2/2020,20 - 21,18727,18010,8620,2607,1726,1077,876,1455
9/2/2020,21 - 22,18455,17266,8779,2510,1636,1012,810,1318
9/2/2020,22 - 23,17933,16471,8624,2471,1529,941,740,1198
9/2/2020,23 - 00,17266,15759,8308,2376,1433,905,690,1106
10/2/2020,00 - 01,16073,15134,7843,2173,1335,942,650,1124
10/2/2020,01 - 02,15764,14900,7680,2075,1283,938,633,1091
10/2/2020,02 - 03,15652,14816,7652,2043,1266,926,631,1088
10/2/2020,03 - 04,15684,14909,7752,2068,1257,941,645,1109
10/2/2020,04 - 05,15875,15187,8165,2175,1277,990,689,1201
10/2/2020,05 - 06,16386,16120,8976,2283,1389,1122,805,1423
10/2/2020,06 - 07,17720,18153,9458,2681,1605,1265,929,1639
10/2/2020,07 - 08,19231,19841,9619,3053,1780,1340,1027,1754
10/2/2020,08 - 09,19765,20128,9570,3236,1886,1357,1067,1801
10/2/2020,09 - 10,19814,20191,9541,3194,1956,1346,1078,1810
10/2/2020,10 - 11,19692,20202,9550,3238,1993,1328,1057,1821
10/2/2020,11 - 12,19431,20144,9546,3242,1985,1311,1031,1781
10/2/2020,12 - 13,19370,19954,9499,3171,1971,1327,1067,1804
10/2/2020,13 - 14,19377,19842,9444,3142,1955,1298,1069,1786
10/2/2020,14 - 15,19497,19807,9408,3069,1911,1285,1064,1760
10/2/2020,15 - 16,19749,19939,9425,2956,1852,1279,1065,1740
10/2/2020,16 - 17,20016,20219,9622,2898,1841,1311,1072,1751
10/2/2020,17 - 18,19977,20847,9577,3156,2014,1301,1056,1768
10/2/2020,18 - 19,19698,20639,9565,3194,2071,1269,1014,1712
10/2/2020,19 - 20,19485,20184,9326,3043,1950,1243,973,1655
10/2/2020,20 - 21,19205,19574,8827,2921,1815,1185,935,1548
10/2/2020,21 - 22,18802,18778,8851,2804,1699,1105,846,1398
10/2/2020,22 - 23,18227,17790,8592,2676,1579,1029,775,1272
10/2/2020,23 - 00,17460,16906,8172,2538,1462,965,711,1200
