Wind power DK prognosis in MWh,,,
Data was last updated 09-02-2020,,,
,Hours,DK1,DK2
1/1/2020,00 - 01,1256,346
1/1/2020,01 - 02,1510,386
1/1/2020,02 - 03,1737,371
1/1/2020,03 - 04,1886,355
1/1/2020,04 - 05,2010,349
1/1/2020,05 - 06,2215,390
1/1/2020,06 - 07,2262,409
1/1/2020,07 - 08,2278,424
1/1/2020,08 - 09,2316,444
1/1/2020,09 - 10,2481,458
1/1/2020,10 - 11,2590,464
1/1/2020,11 - 12,2705,487
1/1/2020,12 - 13,2856,514
1/1/2020,13 - 14,2879,541
1/1/2020,14 - 15,2820,570
1/1/2020,15 - 16,2745,555
1/1/2020,16 - 17,2655,499
1/1/2020,17 - 18,2621,452
1/1/2020,18 - 19,2534,423
1/1/2020,19 - 20,2481,382
1/1/2020,20 - 21,2513,341
1/1/2020,21 - 22,2550,339
1/1/2020,22 - 23,2563,345
1/1/2020,23 - 00,2585,353
2/1/2020,00 - 01,2543,310
2/1/2020,01 - 02,2552,304
2/1/2020,02 - 03,2542,309
2/1/2020,03 - 04,2523,323
2/1/2020,04 - 05,2531,337
2/1/2020,05 - 06,2755,372
2/1/2020,06 - 07,2835,399
2/1/2020,07 - 08,2983,442
2/1/2020,08 - 09,3080,483
2/1/2020,09 - 10,3199,518
2/1/2020,10 - 11,3209,496
2/1/2020,11 - 12,3237,501
2/1/2020,12 - 13,3282,505
2/1/2020,13 - 14,3275,490
2/1/2020,14 - 15,3271,486
2/1/2020,15 - 16,3396,508
2/1/2020,16 - 17,3468,524
2/1/2020,17 - 18,3552,576
2/1/2020,18 - 19,3554,628
2/1/2020,19 - 20,3526,657
2/1/2020,20 - 21,3549,680
2/1/2020,21 - 22,3632,737
2/1/2020,22 - 23,3708,800
2/1/2020,23 - 00,3786,858
3/1/2020,00 - 01,3816,842
3/1/2020,01 - 02,3797,873
3/1/2020,02 - 03,3825,873
3/1/2020,03 - 04,3792,859
3/1/2020,04 - 05,3720,874
3/1/2020,05 - 06,3800,910
3/1/2020,06 - 07,3726,936
3/1/2020,07 - 08,3679,955
3/1/2020,08 - 09,3384,935
3/1/2020,09 - 10,2945,924
3/1/2020,10 - 11,2504,867
3/1/2020,11 - 12,2283,814
3/1/2020,12 - 13,2351,743
3/1/2020,13 - 14,2352,644
3/1/2020,14 - 15,2323,525
3/1/2020,15 - 16,2426,438
3/1/2020,16 - 17,2676,383
3/1/2020,17 - 18,2913,398
3/1/2020,18 - 19,3009,456
3/1/2020,19 - 20,3157,494
3/1/2020,20 - 21,3330,575
3/1/2020,21 - 22,3484,671
3/1/2020,22 - 23,3580,770
3/1/2020,23 - 00,3672,849
4/1/2020,00 - 01,3650,858
4/1/2020,01 - 02,3648,903
4/1/2020,02 - 03,3743,939
4/1/2020,03 - 04,3732,949
4/1/2020,04 - 05,3674,947
4/1/2020,05 - 06,3794,989
4/1/2020,06 - 07,3743,1009
4/1/2020,07 - 08,3825,1020
4/1/2020,08 - 09,3807,993
4/1/2020,09 - 10,3833,979
4/1/2020,10 - 11,3755,950
4/1/2020,11 - 12,3723,959
4/1/2020,12 - 13,3757,976
4/1/2020,13 - 14,3714,969
4/1/2020,14 - 15,3659,968
4/1/2020,15 - 16,3622,975
4/1/2020,16 - 17,3440,959
4/1/2020,17 - 18,3186,928
4/1/2020,18 - 19,2773,867
4/1/2020,19 - 20,2367,781
4/1/2020,20 - 21,1935,685
4/1/2020,21 - 22,1619,566
4/1/2020,22 - 23,1231,440
4/1/2020,23 - 00,875,332
5/1/2020,00 - 01,923,294
5/1/2020,01 - 02,577,215
5/1/2020,02 - 03,374,174
5/1/2020,03 - 04,331,153
5/1/2020,04 - 05,404,150
5/1/2020,05 - 06,582,157
5/1/2020,06 - 07,780,160
5/1/2020,07 - 08,1077,158
5/1/2020,08 - 09,1433,156
5/1/2020,09 - 10,1789,162
5/1/2020,10 - 11,2086,179
5/1/2020,11 - 12,2349,217
5/1/2020,12 - 13,2562,267
5/1/2020,13 - 14,2687,335
5/1/2020,14 - 15,2756,419
5/1/2020,15 - 16,2858,478
5/1/2020,16 - 17,2916,510
5/1/2020,17 - 18,2960,559
5/1/2020,18 - 19,2904,602
5/1/2020,19 - 20,2866,628
5/1/2020,20 - 21,2815,654
5/1/2020,21 - 22,2828,664
5/1/2020,22 - 23,2874,668
5/1/2020,23 - 00,2866,669
6/1/2020,00 - 01,2456,630
6/1/2020,01 - 02,2337,586
6/1/2020,02 - 03,2216,553
6/1/2020,03 - 04,2049,551
6/1/2020,04 - 05,1927,565
6/1/2020,05 - 06,1933,591
6/1/2020,06 - 07,1864,603
6/1/2020,07 - 08,1911,595
6/1/2020,08 - 09,1975,564
6/1/2020,09 - 10,2069,540
6/1/2020,10 - 11,2102,505
6/1/2020,11 - 12,2140,488
6/1/2020,12 - 13,2320,457
6/1/2020,13 - 14,2410,421
6/1/2020,14 - 15,2467,388
6/1/2020,15 - 16,2543,354
6/1/2020,16 - 17,2568,340
6/1/2020,17 - 18,2795,369
6/1/2020,18 - 19,2901,409
6/1/2020,19 - 20,2923,441
6/1/2020,20 - 21,2920,440
6/1/2020,21 - 22,2898,409
6/1/2020,22 - 23,2822,382
6/1/2020,23 - 00,2665,378
7/1/2020,00 - 01,2162,386
7/1/2020,01 - 02,2020,411
7/1/2020,02 - 03,1859,387
7/1/2020,03 - 04,1650,314
7/1/2020,04 - 05,1530,237
7/1/2020,05 - 06,1499,212
7/1/2020,06 - 07,1436,213
7/1/2020,07 - 08,1442,223
7/1/2020,08 - 09,1405,239
7/1/2020,09 - 10,1285,255
7/1/2020,10 - 11,1094,238
7/1/2020,11 - 12,1037,231
7/1/2020,12 - 13,1159,234
7/1/2020,13 - 14,1343,231
7/1/2020,14 - 15,1650,227
7/1/2020,15 - 16,2080,238
7/1/2020,16 - 17,2484,290
7/1/2020,17 - 18,2936,380
7/1/2020,18 - 19,3271,464
7/1/2020,19 - 20,3465,544
7/1/2020,20 - 21,3540,649
7/1/2020,21 - 22,3611,742
7/1/2020,22 - 23,3661,816
7/1/2020,23 - 00,3716,875
8/1/2020,00 - 01,3773,922
8/1/2020,01 - 02,3735,916
8/1/2020,02 - 03,3753,922
8/1/2020,03 - 04,3722,912
8/1/2020,04 - 05,3688,903
8/1/2020,05 - 06,3709,906
8/1/2020,06 - 07,3652,904
8/1/2020,07 - 08,3577,894
8/1/2020,08 - 09,3363,858
8/1/2020,09 - 10,3138,810
8/1/2020,10 - 11,2836,717
8/1/2020,11 - 12,2581,632
8/1/2020,12 - 13,2519,533
8/1/2020,13 - 14,2495,469
8/1/2020,14 - 15,2413,429
8/1/2020,15 - 16,2177,381
8/1/2020,16 - 17,1977,343
8/1/2020,17 - 18,1826,321
8/1/2020,18 - 19,1708,314
8/1/2020,19 - 20,1604,275
8/1/2020,20 - 21,1447,244
8/1/2020,21 - 22,1312,211
8/1/2020,22 - 23,1217,171
8/1/2020,23 - 00,1175,146
9/1/2020,00 - 01,1304,191
9/1/2020,01 - 02,1025,168
9/1/2020,02 - 03,811,135
9/1/2020,03 - 04,670,114
9/1/2020,04 - 05,631,93
9/1/2020,05 - 06,601,71
9/1/2020,06 - 07,537,57
9/1/2020,07 - 08,553,54
9/1/2020,08 - 09,592,62
9/1/2020,09 - 10,678,104
9/1/2020,10 - 11,885,156
9/1/2020,11 - 12,1205,228
9/1/2020,12 - 13,1522,325
9/1/2020,13 - 14,1835,428
9/1/2020,14 - 15,2211,530
9/1/2020,15 - 16,2461,599
9/1/2020,16 - 17,2484,605
9/1/2020,17 - 18,2328,571
9/1/2020,18 - 19,2114,563
9/1/2020,19 - 20,1913,506
9/1/2020,20 - 21,1619,424
9/1/2020,21 - 22,1459,352
9/1/2020,22 - 23,1497,300
9/1/2020,23 - 00,1341,264
10/1/2020,00 - 01,1334,337
10/1/2020,01 - 02,1165,251
10/1/2020,02 - 03,886,216
10/1/2020,03 - 04,630,213
10/1/2020,04 - 05,554,229
10/1/2020,05 - 06,656,279
10/1/2020,06 - 07,869,322
10/1/2020,07 - 08,1460,318
10/1/2020,08 - 09,1842,306
10/1/2020,09 - 10,1997,326
10/1/2020,10 - 11,2066,332
10/1/2020,11 - 12,2299,307
10/1/2020,12 - 13,2639,329
10/1/2020,13 - 14,2799,359
10/1/2020,14 - 15,2889,443
10/1/2020,15 - 16,2785,576
10/1/2020,16 - 17,2314,721
10/1/2020,17 - 18,1809,767
10/1/2020,18 - 19,1448,781
10/1/2020,19 - 20,1136,771
10/1/2020,20 - 21,818,752
10/1/2020,21 - 22,543,708
10/1/2020,22 - 23,399,624
10/1/2020,23 - 00,418,496
11/1/2020,00 - 01,265,281
11/1/2020,01 - 02,420,199
11/1/2020,02 - 03,682,133
11/1/2020,03 - 04,1034,104
11/1/2020,04 - 05,1476,95
11/1/2020,05 - 06,1960,85
11/1/2020,06 - 07,2354,99
11/1/2020,07 - 08,2815,133
11/1/2020,08 - 09,3224,189
11/1/2020,09 - 10,3562,297
11/1/2020,10 - 11,3658,434
11/1/2020,11 - 12,3675,585
11/1/2020,12 - 13,3771,699
11/1/2020,13 - 14,3748,770
11/1/2020,14 - 15,3789,851
11/1/2020,15 - 16,3841,907
11/1/2020,16 - 17,3853,927
11/1/2020,17 - 18,3823,936
11/1/2020,18 - 19,3775,952
11/1/2020,19 - 20,3695,931
11/1/2020,20 - 21,3653,926
11/1/2020,21 - 22,3663,932
11/1/2020,22 - 23,3691,936
11/1/2020,23 - 00,3735,949
12/1/2020,00 - 01,3815,968
12/1/2020,01 - 02,3783,952
12/1/2020,02 - 03,3760,950
12/1/2020,03 - 04,3602,939
12/1/2020,04 - 05,3362,930
12/1/2020,05 - 06,3030,937
12/1/2020,06 - 07,2467,942
12/1/2020,07 - 08,1998,934
12/1/2020,08 - 09,1624,897
12/1/2020,09 - 10,1337,884
12/1/2020,10 - 11,1084,823
12/1/2020,11 - 12,868,775
12/1/2020,12 - 13,810,750
12/1/2020,13 - 14,782,737
12/1/2020,14 - 15,787,757
12/1/2020,15 - 16,893,765
12/1/2020,16 - 17,994,779
12/1/2020,17 - 18,1070,794
12/1/2020,18 - 19,1206,794
12/1/2020,19 - 20,1376,728
12/1/2020,20 - 21,1488,683
12/1/2020,21 - 22,1612,667
12/1/2020,22 - 23,1666,641
12/1/2020,23 - 00,1662,613
13-01-2020,00 - 01,1751,403
13-01-2020,01 - 02,1730,387
13-01-2020,02 - 03,1574,407
13-01-2020,03 - 04,1293,409
13-01-2020,04 - 05,1138,404
13-01-2020,05 - 06,1204,419
13-01-2020,06 - 07,1181,415
13-01-2020,07 - 08,1167,369
13-01-2020,08 - 09,1158,309
13-01-2020,09 - 10,1202,281
13-01-2020,10 - 11,1177,252
13-01-2020,11 - 12,1212,224
13-01-2020,12 - 13,1336,200
13-01-2020,13 - 14,1309,196
13-01-2020,14 - 15,1336,203
13-01-2020,15 - 16,1463,214
13-01-2020,16 - 17,1698,224
13-01-2020,17 - 18,2010,274
13-01-2020,18 - 19,2297,322
13-01-2020,19 - 20,2524,339
13-01-2020,20 - 21,2777,390
13-01-2020,21 - 22,3033,463
13-01-2020,22 - 23,3236,546
13-01-2020,23 - 00,3451,648
14-01-2020,00 - 01,3698,767
14-01-2020,01 - 02,3736,840
14-01-2020,02 - 03,3746,890
14-01-2020,03 - 04,3669,906
14-01-2020,04 - 05,3639,911
14-01-2020,05 - 06,3729,935
14-01-2020,06 - 07,3752,965
14-01-2020,07 - 08,3722,988
14-01-2020,08 - 09,3542,983
14-01-2020,09 - 10,3414,995
14-01-2020,10 - 11,3251,952
14-01-2020,11 - 12,3113,891
14-01-2020,12 - 13,3106,831
14-01-2020,13 - 14,2962,711
14-01-2020,14 - 15,2783,557
14-01-2020,15 - 16,2630,455
14-01-2020,16 - 17,2612,456
14-01-2020,17 - 18,2809,544
14-01-2020,18 - 19,3030,628
14-01-2020,19 - 20,3168,677
14-01-2020,20 - 21,3274,753
14-01-2020,21 - 22,3395,843
14-01-2020,22 - 23,3351,920
14-01-2020,23 - 00,3281,977
15-01-2020,00 - 01,2846,1009
15-01-2020,01 - 02,2878,997
15-01-2020,02 - 03,3290,995
15-01-2020,03 - 04,3587,980
15-01-2020,04 - 05,3664,965
15-01-2020,05 - 06,3664,977
15-01-2020,06 - 07,3481,991
15-01-2020,07 - 08,3288,1005
15-01-2020,08 - 09,3090,993
15-01-2020,09 - 10,2938,1007
15-01-2020,10 - 11,2717,974
15-01-2020,11 - 12,2526,950
15-01-2020,12 - 13,2468,934
15-01-2020,13 - 14,2333,894
15-01-2020,14 - 15,2236,875
15-01-2020,15 - 16,2175,856
15-01-2020,16 - 17,2175,846
15-01-2020,17 - 18,2242,851
15-01-2020,18 - 19,2297,850
15-01-2020,19 - 20,2464,815
15-01-2020,20 - 21,2750,771
15-01-2020,21 - 22,3089,735
15-01-2020,22 - 23,3275,720
15-01-2020,23 - 00,3366,691
16-01-2020,00 - 01,3497,733
16-01-2020,01 - 02,3527,739
16-01-2020,02 - 03,3573,737
16-01-2020,03 - 04,3486,729
16-01-2020,04 - 05,3397,725
16-01-2020,05 - 06,3425,724
16-01-2020,06 - 07,3326,718
16-01-2020,07 - 08,3242,706
16-01-2020,08 - 09,3047,676
16-01-2020,09 - 10,2841,650
16-01-2020,10 - 11,2590,593
16-01-2020,11 - 12,2371,530
16-01-2020,12 - 13,2308,461
16-01-2020,13 - 14,2206,383
16-01-2020,14 - 15,2061,295
16-01-2020,15 - 16,1877,231
16-01-2020,16 - 17,1788,225
16-01-2020,17 - 18,1954,281
16-01-2020,18 - 19,2177,332
16-01-2020,19 - 20,2365,378
16-01-2020,20 - 21,2531,426
16-01-2020,21 - 22,2798,492
16-01-2020,22 - 23,2941,546
16-01-2020,23 - 00,3052,606
17-01-2020,00 - 01,3157,603
17-01-2020,01 - 02,3137,599
17-01-2020,02 - 03,3116,610
17-01-2020,03 - 04,3058,621
17-01-2020,04 - 05,3008,636
17-01-2020,05 - 06,2965,653
17-01-2020,06 - 07,2862,656
17-01-2020,07 - 08,2840,661
17-01-2020,08 - 09,2790,686
17-01-2020,09 - 10,2767,711
17-01-2020,10 - 11,2669,689
17-01-2020,11 - 12,2549,643
17-01-2020,12 - 13,2509,595
17-01-2020,13 - 14,2393,542
17-01-2020,14 - 15,2277,487
17-01-2020,15 - 16,2004,454
17-01-2020,16 - 17,1641,449
17-01-2020,17 - 18,1383,446
17-01-2020,18 - 19,1197,426
17-01-2020,19 - 20,1043,363
17-01-2020,20 - 21,919,304
17-01-2020,21 - 22,867,263
17-01-2020,22 - 23,951,249
17-01-2020,23 - 00,1028,264
18-01-2020,00 - 01,2013,394
18-01-2020,01 - 02,2132,441
18-01-2020,02 - 03,2169,492
18-01-2020,03 - 04,2179,552
18-01-2020,04 - 05,2118,604
18-01-2020,05 - 06,2145,655
18-01-2020,06 - 07,2217,713
18-01-2020,07 - 08,2276,737
18-01-2020,08 - 09,2408,746
18-01-2020,09 - 10,2514,774
18-01-2020,10 - 11,2532,771
18-01-2020,11 - 12,2600,775
18-01-2020,12 - 13,2694,771
18-01-2020,13 - 14,2713,712
18-01-2020,14 - 15,2759,691
18-01-2020,15 - 16,2764,669
18-01-2020,16 - 17,2760,654
18-01-2020,17 - 18,2732,649
18-01-2020,18 - 19,2677,636
18-01-2020,19 - 20,2600,598
18-01-2020,20 - 21,2544,577
18-01-2020,21 - 22,2542,536
18-01-2020,22 - 23,2539,465
18-01-2020,23 - 00,2590,438
19-01-2020,00 - 01,2418,404
19-01-2020,01 - 02,2507,405
19-01-2020,02 - 03,2624,391
19-01-2020,03 - 04,2707,375
19-01-2020,04 - 05,2764,342
19-01-2020,05 - 06,2754,333
19-01-2020,06 - 07,2750,308
19-01-2020,07 - 08,2812,286
19-01-2020,08 - 09,2852,264
19-01-2020,09 - 10,2868,264
19-01-2020,10 - 11,2772,254
19-01-2020,11 - 12,2670,234
19-01-2020,12 - 13,2600,217
19-01-2020,13 - 14,2397,205
19-01-2020,14 - 15,2190,216
19-01-2020,15 - 16,2015,221
19-01-2020,16 - 17,1863,242
19-01-2020,17 - 18,1683,247
19-01-2020,18 - 19,1508,227
19-01-2020,19 - 20,1372,197
19-01-2020,20 - 21,1253,184
19-01-2020,21 - 22,1210,173
19-01-2020,22 - 23,1206,164
19-01-2020,23 - 00,1217,163
20-01-2020,00 - 01,1156,124
20-01-2020,01 - 02,1205,128
20-01-2020,02 - 03,1210,139
20-01-2020,03 - 04,1251,150
20-01-2020,04 - 05,1475,164
20-01-2020,05 - 06,1768,171
20-01-2020,06 - 07,1985,190
20-01-2020,07 - 08,2184,223
20-01-2020,08 - 09,2298,265
20-01-2020,09 - 10,2409,308
20-01-2020,10 - 11,2463,341
20-01-2020,11 - 12,2503,390
20-01-2020,12 - 13,2574,443
20-01-2020,13 - 14,2538,485
20-01-2020,14 - 15,2530,535
20-01-2020,15 - 16,2529,585
20-01-2020,16 - 17,2546,635
20-01-2020,17 - 18,2523,659
20-01-2020,18 - 19,2581,680
20-01-2020,19 - 20,2603,669
20-01-2020,20 - 21,2638,653
20-01-2020,21 - 22,2650,652
20-01-2020,22 - 23,2645,668
20-01-2020,23 - 00,2708,697
21-01-2020,00 - 01,3063,708
21-01-2020,01 - 02,3169,711
21-01-2020,02 - 03,3246,731
21-01-2020,03 - 04,3249,753
21-01-2020,04 - 05,3197,775
21-01-2020,05 - 06,3164,795
21-01-2020,06 - 07,3097,793
21-01-2020,07 - 08,3143,795
21-01-2020,08 - 09,3110,774
21-01-2020,09 - 10,3099,779
21-01-2020,10 - 11,3012,764
21-01-2020,11 - 12,2982,768
21-01-2020,12 - 13,2957,776
21-01-2020,13 - 14,2952,784
21-01-2020,14 - 15,3016,787
21-01-2020,15 - 16,2984,777
21-01-2020,16 - 17,2949,777
21-01-2020,17 - 18,2826,761
21-01-2020,18 - 19,2655,734
21-01-2020,19 - 20,2560,719
21-01-2020,20 - 21,2500,705
21-01-2020,21 - 22,2406,699
21-01-2020,22 - 23,2412,719
21-01-2020,23 - 00,2466,740
22-01-2020,00 - 01,2661,757
22-01-2020,01 - 02,2841,768
22-01-2020,02 - 03,2936,767
22-01-2020,03 - 04,2944,748
22-01-2020,04 - 05,2979,743
22-01-2020,05 - 06,3097,729
22-01-2020,06 - 07,3137,691
22-01-2020,07 - 08,3248,667
22-01-2020,08 - 09,3187,636
22-01-2020,09 - 10,3105,613
22-01-2020,10 - 11,2913,587
22-01-2020,11 - 12,2744,537
22-01-2020,12 - 13,2541,451
22-01-2020,13 - 14,2178,351
22-01-2020,14 - 15,1705,262
22-01-2020,15 - 16,1272,184
22-01-2020,16 - 17,950,142
22-01-2020,17 - 18,678,118
22-01-2020,18 - 19,506,95
22-01-2020,19 - 20,427,72
22-01-2020,20 - 21,368,57
22-01-2020,21 - 22,362,46
22-01-2020,22 - 23,369,40
22-01-2020,23 - 00,400,33
23-01-2020,00 - 01,618,53
23-01-2020,01 - 02,751,60
23-01-2020,02 - 03,870,82
23-01-2020,03 - 04,981,116
23-01-2020,04 - 05,1166,154
23-01-2020,05 - 06,1310,197
23-01-2020,06 - 07,1415,218
23-01-2020,07 - 08,1625,245
23-01-2020,08 - 09,1684,268
23-01-2020,09 - 10,1751,284
23-01-2020,10 - 11,1854,281
23-01-2020,11 - 12,2015,314
23-01-2020,12 - 13,2163,359
23-01-2020,13 - 14,2273,389
23-01-2020,14 - 15,2352,414
23-01-2020,15 - 16,2367,422
23-01-2020,16 - 17,2396,444
23-01-2020,17 - 18,2337,462
23-01-2020,18 - 19,2332,464
23-01-2020,19 - 20,2350,477
23-01-2020,20 - 21,2330,490
23-01-2020,21 - 22,2220,478
23-01-2020,22 - 23,2118,448
23-01-2020,23 - 00,1983,416
24-01-2020,00 - 01,2297,464
24-01-2020,01 - 02,2294,460
24-01-2020,02 - 03,2361,458
24-01-2020,03 - 04,2418,490
24-01-2020,04 - 05,2421,518
24-01-2020,05 - 06,2430,550
24-01-2020,06 - 07,2386,574
24-01-2020,07 - 08,2379,568
24-01-2020,08 - 09,2228,539
24-01-2020,09 - 10,2057,500
24-01-2020,10 - 11,1913,463
24-01-2020,11 - 12,1862,469
24-01-2020,12 - 13,1801,468
24-01-2020,13 - 14,1742,458
24-01-2020,14 - 15,1595,434
24-01-2020,15 - 16,1477,406
24-01-2020,16 - 17,1523,402
24-01-2020,17 - 18,1538,414
24-01-2020,18 - 19,1516,441
24-01-2020,19 - 20,1498,441
24-01-2020,20 - 21,1514,412
24-01-2020,21 - 22,1504,379
24-01-2020,22 - 23,1472,347
24-01-2020,23 - 00,1435,301
25-01-2020,00 - 01,1294,453
25-01-2020,01 - 02,1242,421
25-01-2020,02 - 03,1207,401
25-01-2020,03 - 04,1174,378
25-01-2020,04 - 05,1108,356
25-01-2020,05 - 06,1011,308
25-01-2020,06 - 07,948,295
25-01-2020,07 - 08,927,291
25-01-2020,08 - 09,840,281
25-01-2020,09 - 10,737,260
25-01-2020,10 - 11,667,251
25-01-2020,11 - 12,697,273
25-01-2020,12 - 13,740,279
25-01-2020,13 - 14,798,263
25-01-2020,14 - 15,897,229
25-01-2020,15 - 16,972,210
25-01-2020,16 - 17,1068,207
25-01-2020,17 - 18,1162,202
25-01-2020,18 - 19,1281,196
25-01-2020,19 - 20,1387,200
25-01-2020,20 - 21,1507,205
25-01-2020,21 - 22,1557,216
25-01-2020,22 - 23,1606,228
25-01-2020,23 - 00,1671,225
26-01-2020,00 - 01,2116,229
26-01-2020,01 - 02,2071,234
26-01-2020,02 - 03,1992,229
26-01-2020,03 - 04,1904,211
26-01-2020,04 - 05,1820,199
26-01-2020,05 - 06,1767,203
26-01-2020,06 - 07,1744,207
26-01-2020,07 - 08,1712,219
26-01-2020,08 - 09,1728,220
26-01-2020,09 - 10,1770,224
26-01-2020,10 - 11,1835,199
26-01-2020,11 - 12,1946,176
26-01-2020,12 - 13,2071,170
26-01-2020,13 - 14,2196,170
26-01-2020,14 - 15,2259,176
26-01-2020,15 - 16,2244,185
26-01-2020,16 - 17,2283,205
26-01-2020,17 - 18,2350,249
26-01-2020,18 - 19,2405,296
26-01-2020,19 - 20,2420,312
26-01-2020,20 - 21,2374,345
26-01-2020,21 - 22,2266,349
26-01-2020,22 - 23,2206,300
26-01-2020,23 - 00,2159,276
27-01-2020,00 - 01,2165,281
27-01-2020,01 - 02,2236,281
27-01-2020,02 - 03,2375,311
27-01-2020,03 - 04,2537,358
27-01-2020,04 - 05,2675,389
27-01-2020,05 - 06,2829,413
27-01-2020,06 - 07,2905,467
27-01-2020,07 - 08,2970,522
27-01-2020,08 - 09,2830,564
27-01-2020,09 - 10,2594,598
27-01-2020,10 - 11,2347,599
27-01-2020,11 - 12,2256,598
27-01-2020,12 - 13,2181,571
27-01-2020,13 - 14,2071,497
27-01-2020,14 - 15,1973,398
27-01-2020,15 - 16,1862,310
27-01-2020,16 - 17,1826,288
27-01-2020,17 - 18,1761,296
27-01-2020,18 - 19,1754,317
27-01-2020,19 - 20,1755,335
27-01-2020,20 - 21,1678,344
27-01-2020,21 - 22,1572,344
27-01-2020,22 - 23,1477,340
27-01-2020,23 - 00,1234,308
28-01-2020,00 - 01,757,247
28-01-2020,01 - 02,811,244
28-01-2020,02 - 03,999,263
28-01-2020,03 - 04,1216,286
28-01-2020,04 - 05,1335,312
28-01-2020,05 - 06,1427,370
28-01-2020,06 - 07,1673,450
28-01-2020,07 - 08,1740,485
28-01-2020,08 - 09,1812,502
28-01-2020,09 - 10,1706,505
28-01-2020,10 - 11,1618,500
28-01-2020,11 - 12,1697,476
28-01-2020,12 - 13,1534,419
28-01-2020,13 - 14,1464,359
28-01-2020,14 - 15,1448,315
28-01-2020,15 - 16,1341,344
28-01-2020,16 - 17,1281,395
28-01-2020,17 - 18,1213,411
28-01-2020,18 - 19,1266,429
28-01-2020,19 - 20,1353,428
28-01-2020,20 - 21,1470,420
28-01-2020,21 - 22,1621,407
28-01-2020,22 - 23,1815,377
28-01-2020,23 - 00,2046,322
29-01-2020,00 - 01,2432,492
29-01-2020,01 - 02,2467,555
29-01-2020,02 - 03,2450,581
29-01-2020,03 - 04,2359,597
29-01-2020,04 - 05,2262,604
29-01-2020,05 - 06,2063,607
29-01-2020,06 - 07,1958,581
29-01-2020,07 - 08,2043,578
29-01-2020,08 - 09,2020,566
29-01-2020,09 - 10,2046,565
29-01-2020,10 - 11,2116,553
29-01-2020,11 - 12,2256,532
29-01-2020,12 - 13,2505,519
29-01-2020,13 - 14,2681,527
29-01-2020,14 - 15,2826,581
29-01-2020,15 - 16,2839,615
29-01-2020,16 - 17,2926,664
29-01-2020,17 - 18,2917,707
29-01-2020,18 - 19,2900,722
29-01-2020,19 - 20,2927,738
29-01-2020,20 - 21,2886,746
29-01-2020,21 - 22,2779,741
29-01-2020,22 - 23,2716,749
29-01-2020,23 - 00,2628,742
30-01-2020,00 - 01,2383,681
30-01-2020,01 - 02,2256,668
30-01-2020,02 - 03,2218,674
30-01-2020,03 - 04,2215,688
30-01-2020,04 - 05,2166,716
30-01-2020,05 - 06,1996,724
30-01-2020,06 - 07,2008,714
30-01-2020,07 - 08,1977,700
30-01-2020,08 - 09,1864,692
30-01-2020,09 - 10,1591,689
30-01-2020,10 - 11,1340,679
30-01-2020,11 - 12,1323,690
30-01-2020,12 - 13,1239,659
30-01-2020,13 - 14,1273,605
30-01-2020,14 - 15,1417,568
30-01-2020,15 - 16,1586,530
30-01-2020,16 - 17,1752,506
30-01-2020,17 - 18,1923,512
30-01-2020,18 - 19,2156,513
30-01-2020,19 - 20,2404,525
30-01-2020,20 - 21,2572,536
30-01-2020,21 - 22,2651,559
30-01-2020,22 - 23,2812,585
30-01-2020,23 - 00,3064,612
31-01-2020,00 - 01,3547,889
31-01-2020,01 - 02,3519,897
31-01-2020,02 - 03,3613,908
31-01-2020,03 - 04,3645,895
31-01-2020,04 - 05,3695,903
31-01-2020,05 - 06,3692,909
31-01-2020,06 - 07,3684,905
31-01-2020,07 - 08,3730,919
31-01-2020,08 - 09,3585,910
31-01-2020,09 - 10,3400,901
31-01-2020,10 - 11,3189,861
31-01-2020,11 - 12,3040,823
31-01-2020,12 - 13,2911,784
31-01-2020,13 - 14,2636,728
31-01-2020,14 - 15,2382,665
31-01-2020,15 - 16,2238,630
31-01-2020,16 - 17,2283,623
31-01-2020,17 - 18,2327,608
31-01-2020,18 - 19,2395,627
31-01-2020,19 - 20,2505,671
31-01-2020,20 - 21,2603,718
31-01-2020,21 - 22,2679,737
31-01-2020,22 - 23,2680,748
31-01-2020,23 - 00,2777,754
1/2/2020,00 - 01,3178,740
1/2/2020,01 - 02,3200,769
1/2/2020,02 - 03,3323,810
1/2/2020,03 - 04,3377,802
1/2/2020,04 - 05,3477,799
1/2/2020,05 - 06,3572,807
1/2/2020,06 - 07,3584,813
1/2/2020,07 - 08,3629,833
1/2/2020,08 - 09,3549,824
1/2/2020,09 - 10,3585,796
1/2/2020,10 - 11,3607,770
1/2/2020,11 - 12,3679,776
1/2/2020,12 - 13,3721,753
1/2/2020,13 - 14,3711,732
1/2/2020,14 - 15,3737,722
1/2/2020,15 - 16,3724,707
1/2/2020,16 - 17,3828,752
1/2/2020,17 - 18,3850,803
1/2/2020,18 - 19,3840,830
1/2/2020,19 - 20,3883,864
1/2/2020,20 - 21,3911,893
1/2/2020,21 - 22,3841,898
1/2/2020,22 - 23,3805,916
1/2/2020,23 - 00,3827,936
2/2/2020,00 - 01,3664,969
2/2/2020,01 - 02,3517,962
2/2/2020,02 - 03,3550,983
2/2/2020,03 - 04,3489,958
2/2/2020,04 - 05,3656,957
2/2/2020,05 - 06,3585,954
2/2/2020,06 - 07,3404,941
2/2/2020,07 - 08,3277,937
2/2/2020,08 - 09,2969,895
2/2/2020,09 - 10,2682,867
2/2/2020,10 - 11,2390,827
2/2/2020,11 - 12,2153,766
2/2/2020,12 - 13,2055,701
2/2/2020,13 - 14,1871,590
2/2/2020,14 - 15,1609,452
2/2/2020,15 - 16,1355,352
2/2/2020,16 - 17,1202,307
2/2/2020,17 - 18,1066,259
2/2/2020,18 - 19,973,237
2/2/2020,19 - 20,898,223
2/2/2020,20 - 21,797,210
2/2/2020,21 - 22,699,222
2/2/2020,22 - 23,606,212
2/2/2020,23 - 00,547,174
3/2/2020,00 - 01,631,183
3/2/2020,01 - 02,558,169
3/2/2020,02 - 03,483,143
3/2/2020,03 - 04,430,104
3/2/2020,04 - 05,357,78
3/2/2020,05 - 06,319,55
3/2/2020,06 - 07,326,42
3/2/2020,07 - 08,364,37
3/2/2020,08 - 09,430,37
3/2/2020,09 - 10,531,44
3/2/2020,10 - 11,709,55
3/2/2020,11 - 12,923,88
3/2/2020,12 - 13,1214,151
3/2/2020,13 - 14,1583,214
3/2/2020,14 - 15,2140,282
3/2/2020,15 - 16,2635,378
3/2/2020,16 - 17,2976,524
3/2/2020,17 - 18,3089,653
3/2/2020,18 - 19,3040,751
3/2/2020,19 - 20,3122,769
3/2/2020,20 - 21,3176,743
3/2/2020,21 - 22,3141,710
3/2/2020,22 - 23,3102,708
3/2/2020,23 - 00,3088,729
4/2/2020,00 - 01,2985,772
4/2/2020,01 - 02,2975,723
4/2/2020,02 - 03,3029,713
4/2/2020,03 - 04,2879,705
4/2/2020,04 - 05,2742,696
4/2/2020,05 - 06,2494,688
4/2/2020,06 - 07,2493,702
4/2/2020,07 - 08,2504,722
4/2/2020,08 - 09,2416,743
4/2/2020,09 - 10,2389,761
4/2/2020,10 - 11,2323,749
4/2/2020,11 - 12,2194,724
4/2/2020,12 - 13,1991,644
4/2/2020,13 - 14,1836,601
4/2/2020,14 - 15,1911,576
4/2/2020,15 - 16,1891,570
4/2/2020,16 - 17,1970,571
4/2/2020,17 - 18,2174,541
4/2/2020,18 - 19,2332,549
4/2/2020,19 - 20,2214,590
4/2/2020,20 - 21,1991,597
4/2/2020,21 - 22,1850,589
4/2/2020,22 - 23,1690,600
4/2/2020,23 - 00,1468,634
5/2/2020,00 - 01,1374,837
5/2/2020,01 - 02,1092,740
5/2/2020,02 - 03,870,639
5/2/2020,03 - 04,720,510
5/2/2020,04 - 05,733,403
5/2/2020,05 - 06,816,311
5/2/2020,06 - 07,959,230
5/2/2020,07 - 08,1037,182
5/2/2020,08 - 09,1082,161
5/2/2020,09 - 10,1181,185
5/2/2020,10 - 11,1306,235
5/2/2020,11 - 12,1537,272
5/2/2020,12 - 13,1963,343
5/2/2020,13 - 14,2364,428
5/2/2020,14 - 15,2727,494
5/2/2020,15 - 16,2963,512
5/2/2020,16 - 17,3096,574
5/2/2020,17 - 18,3098,654
5/2/2020,18 - 19,3134,702
5/2/2020,19 - 20,3202,737
5/2/2020,20 - 21,3242,750
5/2/2020,21 - 22,3240,743
5/2/2020,22 - 23,3241,757
5/2/2020,23 - 00,3210,762
6/2/2020,00 - 01,3025,804
6/2/2020,01 - 02,2934,796
6/2/2020,02 - 03,3054,825
6/2/2020,03 - 04,3105,813
6/2/2020,04 - 05,3108,779
6/2/2020,05 - 06,2990,735
6/2/2020,06 - 07,2857,707
6/2/2020,07 - 08,2802,694
6/2/2020,08 - 09,2717,671
6/2/2020,09 - 10,2700,646
6/2/2020,10 - 11,2724,631
6/2/2020,11 - 12,2733,653
6/2/2020,12 - 13,2720,665
6/2/2020,13 - 14,2683,661
6/2/2020,14 - 15,2608,624
6/2/2020,15 - 16,2406,544
6/2/2020,16 - 17,2248,508
6/2/2020,17 - 18,2003,439
6/2/2020,18 - 19,1731,368
6/2/2020,19 - 20,1453,329
6/2/2020,20 - 21,1097,299
6/2/2020,21 - 22,815,290
6/2/2020,22 - 23,626,276
6/2/2020,23 - 00,489,217
7/2/2020,00 - 01,338,166
7/2/2020,01 - 02,251,141
7/2/2020,02 - 03,215,108
7/2/2020,03 - 04,195,69
7/2/2020,04 - 05,185,39
7/2/2020,05 - 06,138,23
7/2/2020,06 - 07,99,11
7/2/2020,07 - 08,90,10
7/2/2020,08 - 09,122,12
7/2/2020,09 - 10,185,18
7/2/2020,10 - 11,270,26
7/2/2020,11 - 12,377,36
7/2/2020,12 - 13,450,45
7/2/2020,13 - 14,503,47
7/2/2020,14 - 15,533,57
7/2/2020,15 - 16,556,66
7/2/2020,16 - 17,620,82
7/2/2020,17 - 18,745,100
7/2/2020,18 - 19,931,133
7/2/2020,19 - 20,1210,179
7/2/2020,20 - 21,1500,211
7/2/2020,21 - 22,1739,255
7/2/2020,22 - 23,1932,292
7/2/2020,23 - 00,2081,311
8/2/2020,00 - 01,2412,423
8/2/2020,01 - 02,2465,416
8/2/2020,02 - 03,2598,414
8/2/2020,03 - 04,2618,453
8/2/2020,04 - 05,2624,491
8/2/2020,05 - 06,2602,517
8/2/2020,06 - 07,2582,542
8/2/2020,07 - 08,2604,546
8/2/2020,08 - 09,2559,544
8/2/2020,09 - 10,2600,538
8/2/2020,10 - 11,2570,509
8/2/2020,11 - 12,2543,460
8/2/2020,12 - 13,2504,398
8/2/2020,13 - 14,2520,351
8/2/2020,14 - 15,2555,333
8/2/2020,15 - 16,2429,346
8/2/2020,16 - 17,2296,355
8/2/2020,17 - 18,2108,383
8/2/2020,18 - 19,2013,439
8/2/2020,19 - 20,1983,470
8/2/2020,20 - 21,2079,490
8/2/2020,21 - 22,2242,547
8/2/2020,22 - 23,2352,568
8/2/2020,23 - 00,2384,514
9/2/2020,00 - 01,2659,461
9/2/2020,01 - 02,2783,423
9/2/2020,02 - 03,3065,420
9/2/2020,03 - 04,3278,446
9/2/2020,04 - 05,3509,501
9/2/2020,05 - 06,3630,564
9/2/2020,06 - 07,3728,663
9/2/2020,07 - 08,3823,761
9/2/2020,08 - 09,3846,840
9/2/2020,09 - 10,3830,932
9/2/2020,10 - 11,3771,978
9/2/2020,11 - 12,3842,1025
9/2/2020,12 - 13,3705,1036
9/2/2020,13 - 14,3598,1041
9/2/2020,14 - 15,3595,1049
9/2/2020,15 - 16,3434,1011
9/2/2020,16 - 17,3353,992
9/2/2020,17 - 18,3071,964
9/2/2020,18 - 19,2953,927
9/2/2020,19 - 20,3119,919
9/2/2020,20 - 21,3470,926
9/2/2020,21 - 22,3738,963
9/2/2020,22 - 23,3901,1001
9/2/2020,23 - 00,3998,1003
10/2/2020,00 - 01,3865,998
10/2/2020,01 - 02,3711,979
10/2/2020,02 - 03,3892,1003
10/2/2020,03 - 04,3873,985
10/2/2020,04 - 05,3977,978
10/2/2020,05 - 06,3895,950
10/2/2020,06 - 07,3873,934
10/2/2020,07 - 08,3913,938
10/2/2020,08 - 09,3937,951
10/2/2020,09 - 10,4071,988
10/2/2020,10 - 11,4113,1011
10/2/2020,11 - 12,4159,1040
10/2/2020,12 - 13,4099,1039
10/2/2020,13 - 14,4072,1040
10/2/2020,14 - 15,4138,1054
10/2/2020,15 - 16,4074,1024
10/2/2020,16 - 17,4158,1023
10/2/2020,17 - 18,4137,1019
10/2/2020,18 - 19,4057,1002
10/2/2020,19 - 20,3959,990
10/2/2020,20 - 21,3829,973
10/2/2020,21 - 22,3694,948
10/2/2020,22 - 23,3611,917
10/2/2020,23 - 00,3574,907
